{
  "resourceType": "Bundle",
  "id": "428cbc84-6718-6625-fc3c-09de3a7886d3",
  "type": "transaction",
  "entry": [ {
    "fullUrl": "urn:uuid:5538f551-1633-35ca-a72a-a314c91a87ab",
    "resource": {
      "resourceType": "Practitioner",
      "id": "5538f551-1633-35ca-a72a-a314c91a87ab",
      "meta": {
        "profile": [ "http://hl7.org/fhir/us/core/StructureDefinition/us-core-practitioner" ]
      },
      "identifier": [ {
        "system": "http://hl7.org/fhir/sid/us-npi",
        "value": "9999999995"
      } ],
      "active": true,
      "name": [ {
        "family": "Hinojosa",
        "given": [ "Daniela" ],
        "prefix": [ "Dr." ]
      } ],
      "telecom": [ {
        "extension": [ {
          "url": "http://hl7.org/fhir/us/core/StructureDefinition/us-core-direct",
          "valueBoolean": true
        } ],
        "system": "email",
        "value": "Daniela.Hinojosa@example.com",
        "use": "work"
      } ],
      "address": [ {
        "line": [ "60 HOSPITAL ROAD" ],
        "city": "LEOMINSTER",
        "state": "MA",
        "postalCode": "01453",
        "country": "US"
      } ],
      "gender": "female"
    },
    "request": {
      "method": "POST",
      "url": "Practitioner",
      "ifNoneExist": "identifier=http://hl7.org/fhir/sid/us-npi|9999999995"
    }
  }, {
    "fullUrl": "urn:uuid:4efd0a33-089c-5b46-50b7-877a297a6735",
    "resource": {
      "resourceType": "PractitionerRole",
      "id": "4efd0a33-089c-5b46-50b7-877a297a6735",
      "meta": {
        "profile": [ "http://hl7.org/fhir/us/core/StructureDefinition/us-core-practitionerrole" ]
      },
      "practitioner": {
        "identifier": {
          "system": "http://hl7.org/fhir/sid/us-npi",
          "value": "9999999995"
        },
        "display": "Dr. Daniela Hinojosa"
      },
      "organization": {
        "identifier": {
          "system": "https://github.com/synthetichealth/synthea",
          "value": "363d3504-18f8-37de-8fbb-f52a59fd61b1"
        },
        "display": "\"HEALTHALLIANCE HOSPITALS, INC\""
      },
      "code": [ {
        "coding": [ {
          "system": "http://nucc.org/provider-taxonomy",
          "code": "208D00000X",
          "display": "General Practice"
        } ],
        "text": "General Practice"
      } ],
      "specialty": [ {
        "coding": [ {
          "system": "http://nucc.org/provider-taxonomy",
          "code": "208D00000X",
          "display": "General Practice"
        } ],
        "text": "General Practice"
      } ],
      "location": [ {
        "identifier": {
          "system": "https://github.com/synthetichealth/synthea",
          "value": "d0e312f3-0a19-3089-af0e-db79b3aee7ab"
        },
        "display": "\"HEALTHALLIANCE HOSPITALS, INC\""
      } ],
      "telecom": [ {
        "system": "phone",
        "value": "9784662000"
      }, {
        "extension": [ {
          "url": "http://hl7.org/fhir/us/core/StructureDefinition/us-core-direct",
          "valueBoolean": true
        } ],
        "system": "email",
        "value": "Daniela.Hinojosa@example.com",
        "use": "work"
      } ]
    },
    "request": {
      "method": "POST",
      "url": "PractitionerRole"
    }
  }, {
    "fullUrl": "urn:uuid:5538f551-1633-35ca-a72a-a314c91a87ab",
    "resource": {
      "resourceType": "Practitioner",
      "id": "5538f551-1633-35ca-a72a-a314c91a87ab",
      "meta": {
        "profile": [ "http://hl7.org/fhir/us/core/StructureDefinition/us-core-practitioner" ]
      },
      "identifier": [ {
        "system": "http://hl7.org/fhir/sid/us-npi",
        "value": "9999999995"
      } ],
      "active": true,
      "name": [ {
        "family": "Hinojosa",
        "given": [ "Daniela" ],
        "prefix": [ "Dr." ]
      } ],
      "telecom": [ {
        "extension": [ {
          "url": "http://hl7.org/fhir/us/core/StructureDefinition/us-core-direct",
          "valueBoolean": true
        } ],
        "system": "email",
        "value": "Daniela.Hinojosa@example.com",
        "use": "work"
      } ],
      "address": [ {
        "line": [ "60 HOSPITAL ROAD" ],
        "city": "LEOMINSTER",
        "state": "MA",
        "postalCode": "01453",
        "country": "US"
      } ],
      "gender": "female"
    },
    "request": {
      "method": "POST",
      "url": "Practitioner",
      "ifNoneExist": "identifier=http://hl7.org/fhir/sid/us-npi|9999999995"
    }
  }, {
    "fullUrl": "urn:uuid:2a5ba455-f00d-8b7b-6f1e-3a591dc157fb",
    "resource": {
      "resourceType": "PractitionerRole",
      "id": "2a5ba455-f00d-8b7b-6f1e-3a591dc157fb",
      "meta": {
        "profile": [ "http://hl7.org/fhir/us/core/StructureDefinition/us-core-practitionerrole" ]
      },
      "practitioner": {
        "identifier": {
          "system": "http://hl7.org/fhir/sid/us-npi",
          "value": "9999999995"
        },
        "display": "Dr. Daniela Hinojosa"
      },
      "organization": {
        "identifier": {
          "system": "https://github.com/synthetichealth/synthea",
          "value": "363d3504-18f8-37de-8fbb-f52a59fd61b1"
        },
        "display": "\"HEALTHALLIANCE HOSPITALS, INC\""
      },
      "code": [ {
        "coding": [ {
          "system": "http://nucc.org/provider-taxonomy",
          "code": "208D00000X",
          "display": "General Practice"
        } ],
        "text": "General Practice"
      } ],
      "specialty": [ {
        "coding": [ {
          "system": "http://nucc.org/provider-taxonomy",
          "code": "208D00000X",
          "display": "General Practice"
        } ],
        "text": "General Practice"
      } ],
      "location": [ {
        "identifier": {
          "system": "https://github.com/synthetichealth/synthea",
          "value": "d0e312f3-0a19-3089-af0e-db79b3aee7ab"
        },
        "display": "\"HEALTHALLIANCE HOSPITALS, INC\""
      } ],
      "telecom": [ {
        "system": "phone",
        "value": "9784662000"
      }, {
        "extension": [ {
          "url": "http://hl7.org/fhir/us/core/StructureDefinition/us-core-direct",
          "valueBoolean": true
        } ],
        "system": "email",
        "value": "Daniela.Hinojosa@example.com",
        "use": "work"
      } ]
    },
    "request": {
      "method": "POST",
      "url": "PractitionerRole"
    }
  }, {
    "resource": {
      "resourceType": "Parameters",
      "id": "428cbc84-6718-6625-fc3c-09de3a7886d3.scorekey",
      "parameter": [ {
        "name": "InitialPopulation",
        "valueBoolean": true
      }, {
        "name": "ContinuousEnrollment",
        "valueBoolean": true
      }, {
        "name": "InitialPopulation",
        "valueBoolean": true
      }, {
        "name": "Denominator",
        "valueBoolean": false
      }, {
        "name": "RequiredExclusion",
        "valueBoolean": true
      }, {
        "name": "RequiredExclusion",
        "valueBoolean": true
      }, {
        "name": "Numerator_2",
        "valueBoolean": true
      }, {
        "name": "ContinuousEnrollment",
        "valueBoolean": true
      }, {
        "name": "Numerator_1",
        "valueBoolean": false
      }, {
        "name": "Numerator_4",
        "valueBoolean": true
      }, {
        "name": "Numerator_3",
        "valueBoolean": false
      }, {
        "name": "Denominator",
        "valueBoolean": false
      }, {
        "name": "RequiredExclusion",
        "valueBoolean": true
      }, {
        "name": "Numerator_1",
        "valueBoolean": false
      }, {
        "name": "ContinuousEnrollment",
        "valueBoolean": true
      }, {
        "name": "Numerator_3",
        "valueBoolean": false
      }, {
        "name": "Numerator_2",
        "valueBoolean": true
      }, {
        "name": "Numerator_4",
        "valueBoolean": true
      }, {
        "name": "RequiredExclusion",
        "valueBoolean": true
      }, {
        "name": "Numerator_4",
        "valueBoolean": true
      }, {
        "name": "Numerator_3",
        "valueBoolean": false
      }, {
        "name": "Numerator_2",
        "valueBoolean": true
      }, {
        "name": "Numerator_2",
        "valueBoolean": true
      }, {
        "name": "InitialPopulation",
        "valueBoolean": true
      }, {
        "name": "Numerator_1",
        "valueBoolean": false
      }, {
        "name": "RequiredExclusion",
        "valueBoolean": true
      } ]
    }
  }, {
    "resource": {
      "resourceType": "Parameters",
      "id": "428cbc84-6718-6625-fc3c-09de3a7886d3.all-params",
      "parameter": [ {
        "name": "dsu_continuous_enrollment.json Module.Start Date",
        "valueString": "01/01/2024"
      }, {
        "name": "dsu.json Module.Measurement_Period_End",
        "valueString": "12/31/2024"
      }, {
        "name": "dsu.json Module.Prior_Year_Start",
        "valueString": "01/01/2022"
      }, {
        "name": "dsu.json Module.Prior_Year_End",
        "valueString": "12/31/2023"
      }, {
        "name": "dsu_denominator.json Module.InitialPopulation",
        "valueBoolean": true
      }, {
        "name": "dsu_continuous_enrollment.json Module.ContinuousEnrollment",
        "valueBoolean": true
      }, {
        "name": "dsu.json Module.InitialPopulation",
        "valueBoolean": true
      }, {
        "name": "dsu_denominator.json Module.Denominator",
        "valueBoolean": false
      }, {
        "name": "dsu_denominator.json Module.RequiredExclusion",
        "valueBoolean": true
      }, {
        "name": "dsu.json Module.RequiredExclusion",
        "valueBoolean": true
      }, {
        "name": "dsu_numerator.json Module.Numerator_2",
        "valueBoolean": true
      }, {
        "name": "dsu.json Module.ContinuousEnrollment",
        "valueBoolean": true
      }, {
        "name": "dsu_numerator.json Module.Numerator_1",
        "valueBoolean": false
      }, {
        "name": "dsu_numerator.json Module.Numerator_4",
        "valueBoolean": true
      }, {
        "name": "dsu_numerator.json Module.Numerator_3",
        "valueBoolean": false
      }, {
        "name": "dsu.json Module.Denominator",
        "valueBoolean": false
      }, {
        "name": "hospice_check.json Module.RequiredExclusion",
        "valueBoolean": true
      }, {
        "name": "dsu_numerator_check.json Module.Numerator_1",
        "valueBoolean": false
      }, {
        "name": "dsu_initial_population.json Module.ContinuousEnrollment",
        "valueBoolean": true
      }, {
        "name": "dsu_numerator_check.json Module.Numerator_3",
        "valueBoolean": false
      }, {
        "name": "dsu_numerator_check.json Module.Numerator_2",
        "valueBoolean": true
      }, {
        "name": "dsu_numerator_check.json Module.Numerator_4",
        "valueBoolean": true
      }, {
        "name": "dsu_initial_population.json Module.RequiredExclusion",
        "valueBoolean": true
      }, {
        "name": "dsu.json Module.Numerator_4",
        "valueBoolean": true
      }, {
        "name": "dsu.json Module.Numerator_3",
        "valueBoolean": false
      }, {
        "name": "dsu_numerator_2.json Module.Numerator_2",
        "valueBoolean": true
      }, {
        "name": "dsu.json Module.Numerator_2",
        "valueBoolean": true
      }, {
        "name": "dsu_initial_population.json Module.InitialPopulation",
        "valueBoolean": true
      }, {
        "name": "dsu.json Module.Numerator_1",
        "valueBoolean": false
      }, {
        "name": "hospice_required_exclusion.json Module.RequiredExclusion",
        "valueBoolean": true
      } ]
    }
  }, {
    "fullUrl": "urn:uuid:428cbc84-6718-6625-fc3c-09de3a7886d3",
    "resource": {
      "resourceType": "Patient",
      "id": "428cbc84-6718-6625-fc3c-09de3a7886d3",
      "meta": {
        "profile": [ "http://hl7.org/fhir/us/core/StructureDefinition/us-core-patient" ]
      },
      "text": {
        "status": "generated",
        "div": "<div xmlns=\"http://www.w3.org/1999/xhtml\">Generated by <a href=\"https://github.com/synthetichealth/synthea\">Synthea</a>.Version identifier: 79d417f\n .   Person seed: -475388694724576277  Population seed: 1703176669956</div>"
      },
      "extension": [ {
        "url": "http://hl7.org/fhir/us/core/StructureDefinition/us-core-race",
        "extension": [ {
          "url": "ombCategory",
          "valueCoding": {
            "system": "urn:oid:2.16.840.1.113883.6.238",
            "code": "2028-9",
            "display": "Asian"
          }
        }, {
          "url": "text",
          "valueString": "Asian"
        } ]
      }, {
        "url": "http://hl7.org/fhir/us/core/StructureDefinition/us-core-ethnicity",
        "extension": [ {
          "url": "ombCategory",
          "valueCoding": {
            "system": "urn:oid:2.16.840.1.113883.6.238",
            "code": "2186-5",
            "display": "Not Hispanic or Latino"
          }
        }, {
          "url": "text",
          "valueString": "Not Hispanic or Latino"
        } ]
      }, {
        "url": "http://hl7.org/fhir/StructureDefinition/patient-mothersMaidenName",
        "valueString": "Leann Dare"
      }, {
        "url": "http://hl7.org/fhir/us/core/StructureDefinition/us-core-birthsex",
        "valueCode": "M"
      }, {
        "url": "http://hl7.org/fhir/StructureDefinition/patient-birthPlace",
        "valueAddress": {
          "city": "Randolph",
          "state": "Massachusetts",
          "country": "US"
        }
      } ],
      "identifier": [ {
        "system": "https://github.com/synthetichealth/synthea",
        "value": "428cbc84-6718-6625-fc3c-09de3a7886d3"
      }, {
        "type": {
          "coding": [ {
            "system": "http://terminology.hl7.org/CodeSystem/v2-0203",
            "code": "MR",
            "display": "Medical Record Number"
          } ],
          "text": "Medical Record Number"
        },
        "system": "http://hospital.smarthealthit.org",
        "value": "428cbc84-6718-6625-fc3c-09de3a7886d3"
      }, {
        "type": {
          "coding": [ {
            "system": "http://terminology.hl7.org/CodeSystem/v2-0203",
            "code": "SS",
            "display": "Social Security Number"
          } ],
          "text": "Social Security Number"
        },
        "system": "http://hl7.org/fhir/sid/us-ssn",
        "value": "999-49-8546"
      } ],
      "name": [ {
        "use": "official",
        "family": "Koss",
        "given": [ "Sean" ]
      } ],
      "telecom": [ {
        "system": "phone",
        "value": "555-871-9843",
        "use": "home"
      } ],
      "gender": "male",
      "birthDate": "1992-08-18",
      "address": [ {
        "extension": [ {
          "url": "http://hl7.org/fhir/StructureDefinition/geolocation",
          "extension": [ {
            "url": "latitude",
            "valueDecimal": 42.43867516619791
          }, {
            "url": "longitude",
            "valueDecimal": -71.3896873425369
          } ]
        } ],
        "line": [ "235 Grady Heights" ],
        "city": "Concord",
        "state": "MA",
        "country": "US"
      } ],
      "maritalStatus": {
        "coding": [ {
          "system": "http://terminology.hl7.org/CodeSystem/v3-MaritalStatus",
          "code": "S",
          "display": "Never Married"
        } ],
        "text": "Never Married"
      },
      "multipleBirthBoolean": false,
      "communication": [ {
        "language": {
          "coding": [ {
            "system": "urn:ietf:bcp:47",
            "code": "en-US",
            "display": "English"
          } ],
          "text": "English"
        }
      } ]
    }
  }, {
    "fullUrl": "urn:uuid:5ea9b124-faa6-f987-e35b-8fee03141c8d",
    "resource": {
      "resourceType": "Encounter",
      "id": "5ea9b124-faa6-f987-e35b-8fee03141c8d",
      "meta": {
        "profile": [ "http://hl7.org/fhir/us/core/StructureDefinition/us-core-encounter" ],
        "tag": [ {
          "system": "https://ncqa.org/fhir/CodeSystem/synthea-state-id",
          "code": "2de1cbee-fc9e-43b2-9034-7d9e24e6cad6",
          "display": "Synthea State Id that generated the resource"
        } ]
      },
      "identifier": [ {
        "use": "official",
        "system": "https://github.com/synthetichealth/synthea",
        "value": "5ea9b124-faa6-f987-e35b-8fee03141c8d"
      } ],
      "status": "finished",
      "class": {
        "system": "http://terminology.hl7.org/CodeSystem/v3-ActCode",
        "code": "AMB"
      },
      "type": [ {
        "coding": [ {
          "system": "https://www.nubc.org/CodeSystem/RevenueCodes",
          "code": "0517"
        } ]
      } ],
      "subject": {
        "reference": "urn:uuid:428cbc84-6718-6625-fc3c-09de3a7886d3",
        "display": "Sean Koss"
      },
      "participant": [ {
        "type": [ {
          "coding": [ {
            "system": "http://terminology.hl7.org/CodeSystem/v3-ParticipationType",
            "code": "PPRF",
            "display": "primary performer"
          } ],
          "text": "primary performer"
        } ],
        "period": {
          "start": "2024-05-30T00:00:00+00:00",
          "end": "2024-05-30T00:15:00+00:00"
        },
        "individual": {
          "reference": "urn:uuid:5538f551-1633-35ca-a72a-a314c91a87ab",
          "display": "Dr. Daniela Hinojosa"
        }
      } ],
      "period": {
        "start": "2024-05-30T00:00:00+00:00",
        "end": "2024-05-30T00:15:00+00:00"
      },
      "location": [ {
        "location": {
          "reference": "Location?identifier=https://github.com/synthetichealth/synthea|d0e312f3-0a19-3089-af0e-db79b3aee7ab",
          "display": "\"HEALTHALLIANCE HOSPITALS, INC\""
        }
      } ],
      "serviceProvider": {
        "reference": "Organization?identifier=https://github.com/synthetichealth/synthea|363d3504-18f8-37de-8fbb-f52a59fd61b1",
        "display": "\"HEALTHALLIANCE HOSPITALS, INC\""
      }
    }
  }, {
    "fullUrl": "urn:uuid:ce4f2af7-1cf8-d287-e9a9-57e265138992",
    "resource": {
      "resourceType": "Condition",
      "id": "ce4f2af7-1cf8-d287-e9a9-57e265138992",
      "meta": {
        "profile": [ "http://hl7.org/fhir/us/core/StructureDefinition/us-core-condition" ],
        "tag": [ {
          "system": "https://ncqa.org/fhir/CodeSystem/synthea-state-id",
          "code": "703f6f5d-0494-40d0-8af4-883fa9a413a5",
          "display": "Synthea State Id that generated the resource"
        } ]
      },
      "clinicalStatus": {
        "coding": [ {
          "system": "http://terminology.hl7.org/CodeSystem/condition-clinical",
          "code": "active"
        } ]
      },
      "verificationStatus": {
        "coding": [ {
          "system": "http://terminology.hl7.org/CodeSystem/condition-ver-status",
          "code": "confirmed"
        } ]
      },
      "category": [ {
        "coding": [ {
          "system": "http://terminology.hl7.org/CodeSystem/condition-category",
          "code": "encounter-diagnosis",
          "display": "Encounter Diagnosis"
        } ]
      } ],
      "code": {
        "coding": [ {
          "system": "http://snomed.info/sct/731000124108",
          "code": "288851000119106",
          "display": "Opioid-induced mood disorder due to opioid abuse (disorder)"
        } ],
        "text": "Opioid-induced mood disorder due to opioid abuse (disorder)"
      },
      "subject": {
        "reference": "urn:uuid:428cbc84-6718-6625-fc3c-09de3a7886d3"
      },
      "encounter": {
        "reference": "urn:uuid:5ea9b124-faa6-f987-e35b-8fee03141c8d"
      },
      "onsetDateTime": "2024-05-30T00:00:00+00:00",
      "recordedDate": "2024-05-30T00:00:00+00:00"
    }
  }, {
    "fullUrl": "urn:uuid:77e07015-cd7d-7ffa-1beb-014d97a451d6",
    "resource": {
      "resourceType": "Claim",
      "id": "77e07015-cd7d-7ffa-1beb-014d97a451d6",
      "meta": {
        "tag": [ {
          "system": "https://ncqa.org/fhir/CodeSystem/synthea-state-id",
          "code": "e2510331-2815-4c5c-ba94-e6b68a9f1160",
          "display": "Synthea State Id that generated the resource"
        }, {
          "system": "https://ncqa.org/fhir/CodeSystem/hedis-data-source",
          "code": "administrative"
        } ]
      },
      "status": "active",
      "type": {
        "coding": [ {
          "system": "http://terminology.hl7.org/CodeSystem/claim-type",
          "code": "institutional"
        } ]
      },
      "use": "claim",
      "patient": {
        "reference": "urn:uuid:428cbc84-6718-6625-fc3c-09de3a7886d3",
        "display": "Sean Koss"
      },
      "billablePeriod": {
        "start": "2024-05-30T00:00:00+00:00",
        "end": "2024-05-30T00:15:00+00:00"
      },
      "created": "2024-05-30T00:15:00+00:00",
      "provider": {
        "reference": "Organization?identifier=https://github.com/synthetichealth/synthea|363d3504-18f8-37de-8fbb-f52a59fd61b1",
        "display": "\"HEALTHALLIANCE HOSPITALS, INC\""
      },
      "priority": {
        "coding": [ {
          "system": "http://terminology.hl7.org/CodeSystem/processpriority",
          "code": "normal"
        } ]
      },
      "diagnosis": [ {
        "sequence": 1,
        "diagnosisReference": {
          "reference": "urn:uuid:8e6defba-4644-8645-0c75-b0cff47ef04f",
          "display": "Filler ICD 10 Dx Only"
        }
      } ],
      "item": [ {
        "sequence": 1,
        "diagnosisSequence": [ 1 ],
        "productOrService": {
          "coding": [ {
            "system": "https://www.nubc.org/CodeSystem/RevenueCodes",
            "code": "0517"
          } ]
        },
        "servicedPeriod": {
          "start": "2024-05-30T00:00:00+00:00",
          "end": "2024-05-30T00:15:00+00:00"
        }
      } ]
    }
  }, {
    "fullUrl": "urn:uuid:8e6defba-4644-8645-0c75-b0cff47ef04f",
    "resource": {
      "resourceType": "Condition",
      "id": "8e6defba-4644-8645-0c75-b0cff47ef04f",
      "meta": {
        "profile": [ "http://hl7.org/fhir/us/core/StructureDefinition/us-core-condition" ],
        "tag": [ {
          "system": "https://ncqa.org/fhir/CodeSystem/synthea-state-id",
          "code": "1fce1fe0-8796-4179-8eb2-26ab557640d7",
          "display": "Synthea State Id that generated the resource"
        } ]
      },
      "clinicalStatus": {
        "coding": [ {
          "system": "http://terminology.hl7.org/CodeSystem/condition-clinical",
          "code": "active"
        } ]
      },
      "verificationStatus": {
        "coding": [ {
          "system": "http://terminology.hl7.org/CodeSystem/condition-ver-status",
          "code": "confirmed"
        } ]
      },
      "category": [ {
        "coding": [ {
          "system": "http://terminology.hl7.org/CodeSystem/condition-category",
          "code": "encounter-diagnosis",
          "display": "Encounter Diagnosis"
        } ]
      } ],
      "code": {
        "coding": [ {
          "system": "http://hl7.org/fhir/sid/icd-10-cm",
          "code": "O99.611",
          "display": "[O99.611] Diseases of the digestive system complicating pregnancy, first trimester"
        } ],
        "text": "[O99.611] Diseases of the digestive system complicating pregnancy, first trimester"
      },
      "subject": {
        "reference": "urn:uuid:428cbc84-6718-6625-fc3c-09de3a7886d3"
      },
      "onsetDateTime": "2024-05-30T00:00:00+00:00",
      "recordedDate": "2024-05-30T00:00:00+00:00"
    }
  }, {
    "fullUrl": "urn:uuid:eaf76771-cdf2-2c16-c77b-3aeafb7eb994",
    "resource": {
      "resourceType": "Encounter",
      "id": "eaf76771-cdf2-2c16-c77b-3aeafb7eb994",
      "meta": {
        "profile": [ "http://hl7.org/fhir/us/core/StructureDefinition/us-core-encounter" ],
        "tag": [ {
          "system": "https://ncqa.org/fhir/CodeSystem/synthea-state-id",
          "code": "dc0a4bc7-7da2-4029-b73e-839f4f72238c",
          "display": "Synthea State Id that generated the resource"
        } ]
      },
      "identifier": [ {
        "use": "official",
        "system": "https://github.com/synthetichealth/synthea",
        "value": "eaf76771-cdf2-2c16-c77b-3aeafb7eb994"
      } ],
      "status": "finished",
      "class": {
        "system": "http://terminology.hl7.org/CodeSystem/v3-ActCode",
        "code": "AMB"
      },
      "type": [ {
        "coding": [ {
          "system": "https://www.nubc.org/CodeSystem/RevenueCodes",
          "code": "0111"
        } ]
      } ],
      "subject": {
        "reference": "urn:uuid:428cbc84-6718-6625-fc3c-09de3a7886d3",
        "display": "Sean Koss"
      },
      "participant": [ {
        "type": [ {
          "coding": [ {
            "system": "http://terminology.hl7.org/CodeSystem/v3-ParticipationType",
            "code": "PPRF",
            "display": "primary performer"
          } ],
          "text": "primary performer"
        } ],
        "period": {
          "start": "2024-01-01T00:00:00+00:00",
          "end": "2024-01-01T00:15:00+00:00"
        },
        "individual": {
          "reference": "urn:uuid:5538f551-1633-35ca-a72a-a314c91a87ab",
          "display": "Dr. Daniela Hinojosa"
        }
      } ],
      "period": {
        "start": "2024-01-01T00:00:00+00:00",
        "end": "2024-01-01T00:15:00+00:00"
      },
      "location": [ {
        "location": {
          "reference": "Location?identifier=https://github.com/synthetichealth/synthea|d0e312f3-0a19-3089-af0e-db79b3aee7ab",
          "display": "\"HEALTHALLIANCE HOSPITALS, INC\""
        }
      } ],
      "serviceProvider": {
        "reference": "Organization?identifier=https://github.com/synthetichealth/synthea|363d3504-18f8-37de-8fbb-f52a59fd61b1",
        "display": "\"HEALTHALLIANCE HOSPITALS, INC\""
      }
    }
  }, {
    "fullUrl": "urn:uuid:7014e410-a58c-4f90-b8be-4b134bc55cd5",
    "resource": {
      "resourceType": "Procedure",
      "id": "7014e410-a58c-4f90-b8be-4b134bc55cd5",
      "meta": {
        "profile": [ "http://hl7.org/fhir/us/core/StructureDefinition/us-core-procedure" ],
        "tag": [ {
          "system": "https://ncqa.org/fhir/CodeSystem/synthea-state-id",
          "code": "dbc86cb1-6aaf-4a23-80c9-6a0ee22d3f50",
          "display": "Synthea State Id that generated the resource"
        } ]
      },
      "status": "completed",
      "code": {
        "coding": [ {
          "system": "http://www.ama-assn.org/go/cpt",
          "code": "99377"
        } ]
      },
      "subject": {
        "reference": "urn:uuid:428cbc84-6718-6625-fc3c-09de3a7886d3"
      },
      "encounter": {
        "reference": "urn:uuid:eaf76771-cdf2-2c16-c77b-3aeafb7eb994"
      },
      "performedPeriod": {
        "start": "2024-01-01T00:00:00+00:00",
        "end": "2024-01-01T00:15:00+00:00"
      },
      "location": {
        "reference": "Location?identifier=https://github.com/synthetichealth/synthea|d0e312f3-0a19-3089-af0e-db79b3aee7ab",
        "display": "\"HEALTHALLIANCE HOSPITALS, INC\""
      }
    }
  }, {
    "fullUrl": "urn:uuid:6190c96e-6464-6270-0ec6-d707d33d204d",
    "resource": {
      "resourceType": "Coverage",
      "id": "6190c96e-6464-6270-0ec6-d707d33d204d",
      "type": {
        "coding": [ {
          "system": "https://ncqa.org/fhir/codesystem/hedis-coverage-type",
          "code": "POS"
        } ]
      },
      "beneficiary": {
        "reference": "urn:uuid:428cbc84-6718-6625-fc3c-09de3a7886d3",
        "display": "Sean Koss"
      },
      "period": {
        "start": "2024-01-01T00:00:00+00:00",
        "end": "2024-12-31T00:00:00+00:00"
      }
    }
  }, {
    "fullUrl": "urn:uuid:8cb01853-1c82-d8b9-2a4e-79660e1b7dbc",
    "resource": {
      "resourceType": "Coverage",
      "id": "8cb01853-1c82-d8b9-2a4e-79660e1b7dbc",
      "type": {
        "coding": [ {
          "system": "http://terminology.hl7.org/CodeSystem/v3-ActCode",
          "code": "MCPOL"
        } ]
      },
      "beneficiary": {
        "reference": "urn:uuid:428cbc84-6718-6625-fc3c-09de3a7886d3",
        "display": "Sean Koss"
      },
      "period": {
        "start": "2024-01-01T00:00:00+00:00",
        "end": "2024-12-31T00:00:00+00:00"
      }
    }
  }, {
    "fullUrl": "urn:uuid:null",
    "resource": {
      "resourceType": "MeasureReport",
      "status": "complete",
      "type": "individual",
      "measure": "\"http://fhir.ncqa.org/measures/hedis/aab_hedis_my2023\""
    }
  } ]
}
