{
  "resourceType": "Bundle",
  "id": "518eeaec-0a58-89ba-3d93-afc36e120e6f",
  "type": "transaction",
  "entry": [ {
    "resource": {
      "resourceType": "Parameters",
      "id": "518eeaec-0a58-89ba-3d93-afc36e120e6f.scorekey",
      "parameter": [ {
        "name": "InitialPopulation",
        "valueBoolean": false
      }, {
        "name": "ContinuousEnrollment",
        "valueBoolean": false
      }, {
        "name": "InitialPopulation",
        "valueBoolean": false
      }, {
        "name": "Denominator",
        "valueBoolean": false
      }, {
        "name": "RequiredExclusion",
        "valueBoolean": false
      }, {
        "name": "RequiredExclusion",
        "valueBoolean": false
      }, {
        "name": "Numerator_2",
        "valueBoolean": true
      }, {
        "name": "ContinuousEnrollment",
        "valueBoolean": false
      }, {
        "name": "Numerator_1",
        "valueBoolean": true
      }, {
        "name": "Numerator_4",
        "valueBoolean": true
      }, {
        "name": "Numerator_3",
        "valueBoolean": false
      }, {
        "name": "Numerator_1",
        "valueBoolean": true
      }, {
        "name": "Denominator",
        "valueBoolean": false
      }, {
        "name": "Numerator_1",
        "valueBoolean": true
      }, {
        "name": "ContinuousEnrollment",
        "valueBoolean": false
      }, {
        "name": "Numerator_3",
        "valueBoolean": false
      }, {
        "name": "Numerator_2",
        "valueBoolean": true
      }, {
        "name": "Numerator_4",
        "valueBoolean": true
      }, {
        "name": "RequiredExclusion",
        "valueBoolean": false
      }, {
        "name": "Numerator_4",
        "valueBoolean": true
      }, {
        "name": "Numerator_3",
        "valueBoolean": false
      }, {
        "name": "Numerator_2",
        "valueBoolean": true
      }, {
        "name": "Numerator_2",
        "valueBoolean": true
      }, {
        "name": "InitialPopulation",
        "valueBoolean": false
      }, {
        "name": "Numerator_1",
        "valueBoolean": true
      }, {
        "name": "RequiredExclusion",
        "valueBoolean": false
      } ]
    }
  }, {
    "resource": {
      "resourceType": "Parameters",
      "id": "518eeaec-0a58-89ba-3d93-afc36e120e6f.all-params",
      "parameter": [ {
        "name": "dsu_continuous_enrollment.json Module.Start Date",
        "valueString": "01/01/2024"
      }, {
        "name": "dsu_numerator_good_timeframe.json Module.Measurement_Period_End",
        "valueString": "12/31/2024"
      }, {
        "name": "dsu.json Module.Prior_Year_Start",
        "valueString": "01/01/2022"
      }, {
        "name": "dsu.json Module.Prior_Year_End",
        "valueString": "12/31/2023"
      }, {
        "name": "dsu_denominator.json Module.InitialPopulation",
        "valueBoolean": false
      }, {
        "name": "dsu_continuous_enrollment.json Module.ContinuousEnrollment",
        "valueBoolean": false
      }, {
        "name": "dsu.json Module.InitialPopulation",
        "valueBoolean": false
      }, {
        "name": "dsu_denominator.json Module.Denominator",
        "valueBoolean": false
      }, {
        "name": "dsu_denominator.json Module.RequiredExclusion",
        "valueBoolean": false
      }, {
        "name": "dsu.json Module.RequiredExclusion",
        "valueBoolean": false
      }, {
        "name": "dsu_numerator.json Module.Numerator_2",
        "valueBoolean": true
      }, {
        "name": "dsu.json Module.ContinuousEnrollment",
        "valueBoolean": false
      }, {
        "name": "dsu_numerator.json Module.Numerator_1",
        "valueBoolean": true
      }, {
        "name": "dsu_numerator.json Module.Numerator_4",
        "valueBoolean": true
      }, {
        "name": "dsu_numerator.json Module.Numerator_3",
        "valueBoolean": false
      }, {
        "name": "dsu_numerator_1.json Module.Numerator_1",
        "valueBoolean": true
      }, {
        "name": "dsu.json Module.Denominator",
        "valueBoolean": false
      }, {
        "name": "dsu_numerator_check.json Module.Numerator_1",
        "valueBoolean": true
      }, {
        "name": "dsu_initial_population.json Module.ContinuousEnrollment",
        "valueBoolean": false
      }, {
        "name": "dsu_numerator_check.json Module.Numerator_3",
        "valueBoolean": false
      }, {
        "name": "dsu_numerator_check.json Module.Numerator_2",
        "valueBoolean": true
      }, {
        "name": "dsu_numerator_check.json Module.Numerator_4",
        "valueBoolean": true
      }, {
        "name": "dsu_initial_population.json Module.RequiredExclusion",
        "valueBoolean": false
      }, {
        "name": "dsu.json Module.Numerator_4",
        "valueBoolean": true
      }, {
        "name": "dsu.json Module.Numerator_3",
        "valueBoolean": false
      }, {
        "name": "dsu_numerator_2.json Module.Numerator_2",
        "valueBoolean": true
      }, {
        "name": "dsu.json Module.Numerator_2",
        "valueBoolean": true
      }, {
        "name": "dsu_initial_population.json Module.InitialPopulation",
        "valueBoolean": false
      }, {
        "name": "dsu.json Module.Numerator_1",
        "valueBoolean": true
      }, {
        "name": "hospice_required_exclusion.json Module.RequiredExclusion",
        "valueBoolean": false
      } ]
    }
  }, {
    "fullUrl": "urn:uuid:518eeaec-0a58-89ba-3d93-afc36e120e6f",
    "resource": {
      "resourceType": "Patient",
      "id": "518eeaec-0a58-89ba-3d93-afc36e120e6f",
      "meta": {
        "profile": [ "http://hl7.org/fhir/us/core/StructureDefinition/us-core-patient" ]
      },
      "text": {
        "status": "generated",
        "div": "<div xmlns=\"http://www.w3.org/1999/xhtml\">Generated by <a href=\"https://github.com/synthetichealth/synthea\">Synthea</a>.Version identifier: 79d417f\n .   Person seed: -6199145881403816592  Population seed: 1703176669956</div>"
      },
      "extension": [ {
        "url": "http://hl7.org/fhir/us/core/StructureDefinition/us-core-race",
        "extension": [ {
          "url": "ombCategory",
          "valueCoding": {
            "system": "urn:oid:2.16.840.1.113883.6.238",
            "code": "2106-3",
            "display": "White"
          }
        }, {
          "url": "text",
          "valueString": "White"
        } ]
      }, {
        "url": "http://hl7.org/fhir/us/core/StructureDefinition/us-core-ethnicity",
        "extension": [ {
          "url": "ombCategory",
          "valueCoding": {
            "system": "urn:oid:2.16.840.1.113883.6.238",
            "code": "2186-5",
            "display": "Not Hispanic or Latino"
          }
        }, {
          "url": "text",
          "valueString": "Not Hispanic or Latino"
        } ]
      }, {
        "url": "http://hl7.org/fhir/StructureDefinition/patient-mothersMaidenName",
        "valueString": "Carolin Koelpin"
      }, {
        "url": "http://hl7.org/fhir/us/core/StructureDefinition/us-core-birthsex",
        "valueCode": "F"
      }, {
        "url": "http://hl7.org/fhir/StructureDefinition/patient-birthPlace",
        "valueAddress": {
          "city": "Natick",
          "state": "Massachusetts",
          "country": "US"
        }
      } ],
      "identifier": [ {
        "system": "https://github.com/synthetichealth/synthea",
        "value": "518eeaec-0a58-89ba-3d93-afc36e120e6f"
      }, {
        "type": {
          "coding": [ {
            "system": "http://terminology.hl7.org/CodeSystem/v2-0203",
            "code": "MR",
            "display": "Medical Record Number"
          } ],
          "text": "Medical Record Number"
        },
        "system": "http://hospital.smarthealthit.org",
        "value": "518eeaec-0a58-89ba-3d93-afc36e120e6f"
      }, {
        "type": {
          "coding": [ {
            "system": "http://terminology.hl7.org/CodeSystem/v2-0203",
            "code": "SS",
            "display": "Social Security Number"
          } ],
          "text": "Social Security Number"
        },
        "system": "http://hl7.org/fhir/sid/us-ssn",
        "value": "999-32-7699"
      } ],
      "name": [ {
        "use": "official",
        "family": "Thiel",
        "given": [ "Brigid" ]
      } ],
      "telecom": [ {
        "system": "phone",
        "value": "555-758-4790",
        "use": "home"
      } ],
      "gender": "female",
      "birthDate": "1979-06-27",
      "address": [ {
        "extension": [ {
          "url": "http://hl7.org/fhir/StructureDefinition/geolocation",
          "extension": [ {
            "url": "latitude",
            "valueDecimal": 42.48563835852704
          }, {
            "url": "longitude",
            "valueDecimal": -70.9851062673116
          } ]
        } ],
        "line": [ "867 Hagenes Route Unit 15" ],
        "city": "Saugus",
        "state": "MA",
        "postalCode": "01906",
        "country": "US"
      } ],
      "maritalStatus": {
        "coding": [ {
          "system": "http://terminology.hl7.org/CodeSystem/v3-MaritalStatus",
          "code": "S",
          "display": "Never Married"
        } ],
        "text": "Never Married"
      },
      "multipleBirthBoolean": false,
      "communication": [ {
        "language": {
          "coding": [ {
            "system": "urn:ietf:bcp:47",
            "code": "en-US",
            "display": "English"
          } ],
          "text": "English"
        }
      } ]
    }
  }, {
    "fullUrl": "urn:uuid:857ef794-5c61-2a4e-01b2-6eebfe1d9bf7",
    "resource": {
      "resourceType": "Claim",
      "id": "857ef794-5c61-2a4e-01b2-6eebfe1d9bf7",
      "meta": {
        "tag": [ {
          "system": "https://ncqa.org/fhir/CodeSystem/synthea-state-id",
          "code": "3676e0c0-e9c9-46f9-b422-db2b5a8d9425",
          "display": "Synthea State Id that generated the resource"
        }, {
          "system": "https://ncqa.org/fhir/CodeSystem/hedis-data-source",
          "code": "administrative"
        } ]
      },
      "status": "active",
      "type": {
        "coding": [ {
          "system": "http://terminology.hl7.org/CodeSystem/claim-type",
          "code": "institutional"
        } ]
      },
      "use": "claim",
      "patient": {
        "reference": "urn:uuid:518eeaec-0a58-89ba-3d93-afc36e120e6f",
        "display": "Brigid Thiel"
      },
      "billablePeriod": {
        "start": "2024-11-26T00:00:00+00:00",
        "end": "2024-11-26T00:15:00+00:00"
      },
      "created": "2024-11-26T00:15:00+00:00",
      "provider": {
        "reference": "Organization?identifier=https://github.com/synthetichealth/synthea|363d3504-18f8-37de-8fbb-f52a59fd61b1",
        "display": "\"HEALTHALLIANCE HOSPITALS, INC\""
      },
      "priority": {
        "coding": [ {
          "system": "http://terminology.hl7.org/CodeSystem/processpriority",
          "code": "normal"
        } ]
      },
      "diagnosis": [ {
        "sequence": 1,
        "diagnosisReference": {
          "reference": "urn:uuid:e3e65dda-02ab-f828-7740-af3bc7c8193a",
          "display": "Opioid Abuse & Dep ICD 10 Dx Only"
        }
      } ],
      "item": [ {
        "sequence": 1,
        "diagnosisSequence": [ 1 ],
        "productOrService": {
          "coding": [ {
            "system": "https://www.nubc.org/CodeSystem/RevenueCodes",
            "code": "0514"
          } ]
        },
        "servicedPeriod": {
          "start": "2024-11-26T00:00:00+00:00",
          "end": "2024-11-26T00:15:00+00:00"
        }
      } ]
    }
  }, {
    "fullUrl": "urn:uuid:e3e65dda-02ab-f828-7740-af3bc7c8193a",
    "resource": {
      "resourceType": "Condition",
      "id": "e3e65dda-02ab-f828-7740-af3bc7c8193a",
      "meta": {
        "profile": [ "http://hl7.org/fhir/us/core/StructureDefinition/us-core-condition" ],
        "tag": [ {
          "system": "https://ncqa.org/fhir/CodeSystem/synthea-state-id",
          "code": "6feebda2-5941-446c-a6ef-b6786b3f1544",
          "display": "Synthea State Id that generated the resource"
        } ]
      },
      "clinicalStatus": {
        "coding": [ {
          "system": "http://terminology.hl7.org/CodeSystem/condition-clinical",
          "code": "active"
        } ]
      },
      "verificationStatus": {
        "coding": [ {
          "system": "http://terminology.hl7.org/CodeSystem/condition-ver-status",
          "code": "confirmed"
        } ]
      },
      "category": [ {
        "coding": [ {
          "system": "http://terminology.hl7.org/CodeSystem/condition-category",
          "code": "encounter-diagnosis",
          "display": "Encounter Diagnosis"
        } ]
      } ],
      "code": {
        "coding": [ {
          "system": "http://hl7.org/fhir/sid/icd-10-cm",
          "code": "F11.13",
          "display": "[F11.13] Opioid abuse with withdrawal"
        } ],
        "text": "[F11.13] Opioid abuse with withdrawal"
      },
      "subject": {
        "reference": "urn:uuid:518eeaec-0a58-89ba-3d93-afc36e120e6f"
      },
      "onsetDateTime": "2024-11-26T00:00:00+00:00",
      "recordedDate": "2024-11-26T00:00:00+00:00"
    }
  }, {
    "fullUrl": "urn:uuid:35ef4830-6d03-2d9d-caa5-c47522725651",
    "resource": {
      "resourceType": "Claim",
      "id": "35ef4830-6d03-2d9d-caa5-c47522725651",
      "meta": {
        "tag": [ {
          "system": "https://ncqa.org/fhir/CodeSystem/synthea-state-id",
          "code": "e2510331-2815-4c5c-ba94-e6b68a9f1160",
          "display": "Synthea State Id that generated the resource"
        }, {
          "system": "https://ncqa.org/fhir/CodeSystem/hedis-data-source",
          "code": "administrative"
        } ]
      },
      "status": "active",
      "type": {
        "coding": [ {
          "system": "http://terminology.hl7.org/CodeSystem/claim-type",
          "code": "institutional"
        } ]
      },
      "use": "claim",
      "patient": {
        "reference": "urn:uuid:518eeaec-0a58-89ba-3d93-afc36e120e6f",
        "display": "Brigid Thiel"
      },
      "billablePeriod": {
        "start": "2024-11-26T00:00:00+00:00",
        "end": "2024-11-26T00:15:00+00:00"
      },
      "created": "2024-11-26T00:15:00+00:00",
      "provider": {
        "reference": "Organization?identifier=https://github.com/synthetichealth/synthea|363d3504-18f8-37de-8fbb-f52a59fd61b1",
        "display": "\"HEALTHALLIANCE HOSPITALS, INC\""
      },
      "priority": {
        "coding": [ {
          "system": "http://terminology.hl7.org/CodeSystem/processpriority",
          "code": "normal"
        } ]
      },
      "diagnosis": [ {
        "sequence": 1,
        "diagnosisReference": {
          "reference": "urn:uuid:76e775e7-6faa-4d01-8917-e332367f9ecf",
          "display": "Filler ICD 10 Dx Only"
        }
      } ],
      "item": [ {
        "sequence": 1,
        "diagnosisSequence": [ 1 ],
        "productOrService": {
          "coding": [ {
            "system": "https://www.nubc.org/CodeSystem/RevenueCodes",
            "code": "0514"
          } ]
        },
        "servicedPeriod": {
          "start": "2024-11-26T00:00:00+00:00",
          "end": "2024-11-26T00:15:00+00:00"
        }
      } ]
    }
  }, {
    "fullUrl": "urn:uuid:76e775e7-6faa-4d01-8917-e332367f9ecf",
    "resource": {
      "resourceType": "Condition",
      "id": "76e775e7-6faa-4d01-8917-e332367f9ecf",
      "meta": {
        "profile": [ "http://hl7.org/fhir/us/core/StructureDefinition/us-core-condition" ],
        "tag": [ {
          "system": "https://ncqa.org/fhir/CodeSystem/synthea-state-id",
          "code": "1fce1fe0-8796-4179-8eb2-26ab557640d7",
          "display": "Synthea State Id that generated the resource"
        } ]
      },
      "clinicalStatus": {
        "coding": [ {
          "system": "http://terminology.hl7.org/CodeSystem/condition-clinical",
          "code": "active"
        } ]
      },
      "verificationStatus": {
        "coding": [ {
          "system": "http://terminology.hl7.org/CodeSystem/condition-ver-status",
          "code": "confirmed"
        } ]
      },
      "category": [ {
        "coding": [ {
          "system": "http://terminology.hl7.org/CodeSystem/condition-category",
          "code": "encounter-diagnosis",
          "display": "Encounter Diagnosis"
        } ]
      } ],
      "code": {
        "coding": [ {
          "system": "http://hl7.org/fhir/sid/icd-10-cm",
          "code": "O36.70X9",
          "display": "[O36.70X9] Maternal care for viable fetus in abdominal pregnancy, unspecified trimester, other fetus"
        } ],
        "text": "[O36.70X9] Maternal care for viable fetus in abdominal pregnancy, unspecified trimester, other fetus"
      },
      "subject": {
        "reference": "urn:uuid:518eeaec-0a58-89ba-3d93-afc36e120e6f"
      },
      "onsetDateTime": "2024-11-26T00:00:00+00:00",
      "recordedDate": "2024-11-26T00:00:00+00:00"
    }
  }, {
    "fullUrl": "urn:uuid:784e0239-cc16-a40f-cbbb-04ce75e98a80",
    "resource": {
      "resourceType": "Claim",
      "id": "784e0239-cc16-a40f-cbbb-04ce75e98a80",
      "meta": {
        "tag": [ {
          "system": "https://ncqa.org/fhir/CodeSystem/synthea-state-id",
          "code": "89b9747f-534f-4b1d-841f-5b6458ed6923",
          "display": "Synthea State Id that generated the resource"
        }, {
          "system": "https://ncqa.org/fhir/CodeSystem/hedis-data-source",
          "code": "administrative"
        } ]
      },
      "status": "active",
      "type": {
        "coding": [ {
          "system": "http://terminology.hl7.org/CodeSystem/claim-type",
          "code": "institutional"
        } ]
      },
      "use": "claim",
      "patient": {
        "reference": "urn:uuid:518eeaec-0a58-89ba-3d93-afc36e120e6f",
        "display": "Brigid Thiel"
      },
      "billablePeriod": {
        "start": "2024-11-26T00:00:00+00:00",
        "end": "2024-11-26T00:15:00+00:00"
      },
      "created": "2024-11-26T00:15:00+00:00",
      "provider": {
        "reference": "Organization?identifier=https://github.com/synthetichealth/synthea|363d3504-18f8-37de-8fbb-f52a59fd61b1",
        "display": "\"HEALTHALLIANCE HOSPITALS, INC\""
      },
      "priority": {
        "coding": [ {
          "system": "http://terminology.hl7.org/CodeSystem/processpriority",
          "code": "normal"
        } ]
      },
      "diagnosis": [ {
        "sequence": 1,
        "diagnosisReference": {
          "reference": "urn:uuid:17af5291-5654-d6d4-0fa4-494c95d38376",
          "display": "Alc Abuse & Dep ICD 10 Dx Only"
        }
      } ],
      "item": [ {
        "sequence": 1,
        "diagnosisSequence": [ 1 ],
        "productOrService": {
          "coding": [ {
            "system": "https://www.nubc.org/CodeSystem/RevenueCodes",
            "code": "0514"
          } ]
        },
        "servicedPeriod": {
          "start": "2024-11-26T00:00:00+00:00",
          "end": "2024-11-26T00:15:00+00:00"
        }
      } ]
    }
  }, {
    "fullUrl": "urn:uuid:17af5291-5654-d6d4-0fa4-494c95d38376",
    "resource": {
      "resourceType": "Condition",
      "id": "17af5291-5654-d6d4-0fa4-494c95d38376",
      "meta": {
        "profile": [ "http://hl7.org/fhir/us/core/StructureDefinition/us-core-condition" ],
        "tag": [ {
          "system": "https://ncqa.org/fhir/CodeSystem/synthea-state-id",
          "code": "5bf04be2-2279-4903-b5c9-3ba84216a47f",
          "display": "Synthea State Id that generated the resource"
        } ]
      },
      "clinicalStatus": {
        "coding": [ {
          "system": "http://terminology.hl7.org/CodeSystem/condition-clinical",
          "code": "active"
        } ]
      },
      "verificationStatus": {
        "coding": [ {
          "system": "http://terminology.hl7.org/CodeSystem/condition-ver-status",
          "code": "confirmed"
        } ]
      },
      "category": [ {
        "coding": [ {
          "system": "http://terminology.hl7.org/CodeSystem/condition-category",
          "code": "encounter-diagnosis",
          "display": "Encounter Diagnosis"
        } ]
      } ],
      "code": {
        "coding": [ {
          "system": "http://hl7.org/fhir/sid/icd-10-cm",
          "code": "F10.24",
          "display": "[F10.24] Alcohol dependence with alcohol-induced mood disorder"
        } ],
        "text": "[F10.24] Alcohol dependence with alcohol-induced mood disorder"
      },
      "subject": {
        "reference": "urn:uuid:518eeaec-0a58-89ba-3d93-afc36e120e6f"
      },
      "onsetDateTime": "2024-11-26T00:00:00+00:00",
      "recordedDate": "2024-11-26T00:00:00+00:00"
    }
  }, {
    "fullUrl": "urn:uuid:ff5b2504-6d47-a5ee-9e97-137c37881961",
    "resource": {
      "resourceType": "Claim",
      "id": "ff5b2504-6d47-a5ee-9e97-137c37881961",
      "meta": {
        "tag": [ {
          "system": "https://ncqa.org/fhir/CodeSystem/synthea-state-id",
          "code": "e2510331-2815-4c5c-ba94-e6b68a9f1160",
          "display": "Synthea State Id that generated the resource"
        }, {
          "system": "https://ncqa.org/fhir/CodeSystem/hedis-data-source",
          "code": "administrative"
        } ]
      },
      "status": "active",
      "type": {
        "coding": [ {
          "system": "http://terminology.hl7.org/CodeSystem/claim-type",
          "code": "institutional"
        } ]
      },
      "use": "claim",
      "patient": {
        "reference": "urn:uuid:518eeaec-0a58-89ba-3d93-afc36e120e6f",
        "display": "Brigid Thiel"
      },
      "billablePeriod": {
        "start": "2024-11-26T00:00:00+00:00",
        "end": "2024-11-26T00:15:00+00:00"
      },
      "created": "2024-11-26T00:15:00+00:00",
      "provider": {
        "reference": "Organization?identifier=https://github.com/synthetichealth/synthea|363d3504-18f8-37de-8fbb-f52a59fd61b1",
        "display": "\"HEALTHALLIANCE HOSPITALS, INC\""
      },
      "priority": {
        "coding": [ {
          "system": "http://terminology.hl7.org/CodeSystem/processpriority",
          "code": "normal"
        } ]
      },
      "diagnosis": [ {
        "sequence": 1,
        "diagnosisReference": {
          "reference": "urn:uuid:dc8e831d-7f50-63f6-4335-435581a7b624",
          "display": "Filler ICD 10 Dx Only"
        }
      } ],
      "item": [ {
        "sequence": 1,
        "diagnosisSequence": [ 1 ],
        "productOrService": {
          "coding": [ {
            "system": "https://www.nubc.org/CodeSystem/RevenueCodes",
            "code": "0514"
          } ]
        },
        "servicedPeriod": {
          "start": "2024-11-26T00:00:00+00:00",
          "end": "2024-11-26T00:15:00+00:00"
        }
      } ]
    }
  }, {
    "fullUrl": "urn:uuid:dc8e831d-7f50-63f6-4335-435581a7b624",
    "resource": {
      "resourceType": "Condition",
      "id": "dc8e831d-7f50-63f6-4335-435581a7b624",
      "meta": {
        "profile": [ "http://hl7.org/fhir/us/core/StructureDefinition/us-core-condition" ],
        "tag": [ {
          "system": "https://ncqa.org/fhir/CodeSystem/synthea-state-id",
          "code": "1fce1fe0-8796-4179-8eb2-26ab557640d7",
          "display": "Synthea State Id that generated the resource"
        } ]
      },
      "clinicalStatus": {
        "coding": [ {
          "system": "http://terminology.hl7.org/CodeSystem/condition-clinical",
          "code": "active"
        } ]
      },
      "verificationStatus": {
        "coding": [ {
          "system": "http://terminology.hl7.org/CodeSystem/condition-ver-status",
          "code": "confirmed"
        } ]
      },
      "category": [ {
        "coding": [ {
          "system": "http://terminology.hl7.org/CodeSystem/condition-category",
          "code": "encounter-diagnosis",
          "display": "Encounter Diagnosis"
        } ]
      } ],
      "code": {
        "coding": [ {
          "system": "http://hl7.org/fhir/sid/icd-10-cm",
          "code": "O36.70X9",
          "display": "[O36.70X9] Maternal care for viable fetus in abdominal pregnancy, unspecified trimester, other fetus"
        } ],
        "text": "[O36.70X9] Maternal care for viable fetus in abdominal pregnancy, unspecified trimester, other fetus"
      },
      "subject": {
        "reference": "urn:uuid:518eeaec-0a58-89ba-3d93-afc36e120e6f"
      },
      "onsetDateTime": "2024-11-26T00:00:00+00:00",
      "recordedDate": "2024-11-26T00:00:00+00:00"
    }
  }, {
    "fullUrl": "urn:uuid:5f039ce2-7904-ce3a-ab0e-32a876b587a4",
    "resource": {
      "resourceType": "Coverage",
      "id": "5f039ce2-7904-ce3a-ab0e-32a876b587a4",
      "type": {
        "coding": [ {
          "system": "https://ncqa.org/fhir/codesystem/hedis-coverage-type",
          "code": "POS"
        } ]
      },
      "beneficiary": {
        "reference": "urn:uuid:518eeaec-0a58-89ba-3d93-afc36e120e6f",
        "display": "Brigid Thiel"
      },
      "period": {
        "start": "2024-01-01T00:00:00+00:00",
        "end": "2024-12-31T00:00:00+00:00"
      }
    }
  }, {
    "fullUrl": "urn:uuid:1475d010-859d-3caf-218e-57f7bba8b2e2",
    "resource": {
      "resourceType": "Coverage",
      "id": "1475d010-859d-3caf-218e-57f7bba8b2e2",
      "type": {
        "coding": [ {
          "system": "http://terminology.hl7.org/CodeSystem/v3-ActCode",
          "code": "MCPOL"
        } ]
      },
      "beneficiary": {
        "reference": "urn:uuid:518eeaec-0a58-89ba-3d93-afc36e120e6f",
        "display": "Brigid Thiel"
      },
      "period": {
        "start": "2024-01-01T00:00:00+00:00",
        "end": "2024-12-31T00:00:00+00:00"
      }
    }
  }, {
    "fullUrl": "urn:uuid:null",
    "resource": {
      "resourceType": "MeasureReport",
      "status": "complete",
      "type": "individual",
      "measure": "\"http://fhir.ncqa.org/measures/hedis/aab_hedis_my2023\""
    }
  } ]
}
