{
  "resourceType": "Bundle",
  "id": "58f3bc2a-a44a-c26d-3ca8-1356541c2c4b",
  "type": "transaction",
  "entry": [ {
    "resource": {
      "resourceType": "Parameters",
      "id": "58f3bc2a-a44a-c26d-3ca8-1356541c2c4b.scorekey",
      "parameter": [ {
        "name": "InitialPopulation",
        "valueBoolean": false
      }, {
        "name": "ContinuousEnrollment",
        "valueBoolean": false
      }, {
        "name": "InitialPopulation",
        "valueBoolean": false
      }, {
        "name": "Denominator",
        "valueBoolean": false
      }, {
        "name": "RequiredExclusion",
        "valueBoolean": true
      }, {
        "name": "RequiredExclusion",
        "valueBoolean": true
      }, {
        "name": "Numerator_2",
        "valueBoolean": false
      }, {
        "name": "ContinuousEnrollment",
        "valueBoolean": false
      }, {
        "name": "Numerator_1",
        "valueBoolean": true
      }, {
        "name": "Numerator_4",
        "valueBoolean": true
      }, {
        "name": "Numerator_3",
        "valueBoolean": false
      }, {
        "name": "Numerator_1",
        "valueBoolean": true
      }, {
        "name": "Denominator",
        "valueBoolean": false
      }, {
        "name": "RequiredExclusion",
        "valueBoolean": true
      }, {
        "name": "Numerator_1",
        "valueBoolean": true
      }, {
        "name": "ContinuousEnrollment",
        "valueBoolean": false
      }, {
        "name": "Numerator_3",
        "valueBoolean": false
      }, {
        "name": "Numerator_2",
        "valueBoolean": false
      }, {
        "name": "Numerator_4",
        "valueBoolean": true
      }, {
        "name": "RequiredExclusion",
        "valueBoolean": true
      }, {
        "name": "Numerator_4",
        "valueBoolean": true
      }, {
        "name": "Numerator_3",
        "valueBoolean": false
      }, {
        "name": "InitialPopulation",
        "valueBoolean": false
      }, {
        "name": "Numerator_2",
        "valueBoolean": false
      }, {
        "name": "Numerator_1",
        "valueBoolean": true
      }, {
        "name": "RequiredExclusion",
        "valueBoolean": true
      } ]
    }
  }, {
    "resource": {
      "resourceType": "Parameters",
      "id": "58f3bc2a-a44a-c26d-3ca8-1356541c2c4b.all-params",
      "parameter": [ {
        "name": "dsu_continuous_enrollment.json Module.Start Date",
        "valueString": "01/01/2024"
      }, {
        "name": "dsu_numerator_good_timeframe.json Module.Measurement_Period_End",
        "valueString": "12/31/2024"
      }, {
        "name": "dsu.json Module.Prior_Year_Start",
        "valueString": "01/01/2022"
      }, {
        "name": "dsu.json Module.Prior_Year_End",
        "valueString": "12/31/2023"
      }, {
        "name": "dsu_denominator.json Module.InitialPopulation",
        "valueBoolean": false
      }, {
        "name": "dsu_continuous_enrollment.json Module.ContinuousEnrollment",
        "valueBoolean": false
      }, {
        "name": "dsu.json Module.InitialPopulation",
        "valueBoolean": false
      }, {
        "name": "dsu_denominator.json Module.Denominator",
        "valueBoolean": false
      }, {
        "name": "dsu.json Module.RequiredExclusion",
        "valueBoolean": true
      }, {
        "name": "dsu_denominator.json Module.RequiredExclusion",
        "valueBoolean": true
      }, {
        "name": "dsu_numerator.json Module.Numerator_2",
        "valueBoolean": false
      }, {
        "name": "dsu.json Module.ContinuousEnrollment",
        "valueBoolean": false
      }, {
        "name": "dsu_numerator.json Module.Numerator_1",
        "valueBoolean": true
      }, {
        "name": "dsu_numerator.json Module.Numerator_4",
        "valueBoolean": true
      }, {
        "name": "dsu_numerator.json Module.Numerator_3",
        "valueBoolean": false
      }, {
        "name": "dsu_numerator_1.json Module.Numerator_1",
        "valueBoolean": true
      }, {
        "name": "dsu.json Module.Denominator",
        "valueBoolean": false
      }, {
        "name": "hospice_check.json Module.RequiredExclusion",
        "valueBoolean": true
      }, {
        "name": "dsu_numerator_check.json Module.Numerator_1",
        "valueBoolean": true
      }, {
        "name": "dsu_initial_population.json Module.ContinuousEnrollment",
        "valueBoolean": false
      }, {
        "name": "dsu_numerator_check.json Module.Numerator_3",
        "valueBoolean": false
      }, {
        "name": "dsu_numerator_check.json Module.Numerator_2",
        "valueBoolean": false
      }, {
        "name": "dsu_numerator_check.json Module.Numerator_4",
        "valueBoolean": true
      }, {
        "name": "dsu_initial_population.json Module.RequiredExclusion",
        "valueBoolean": true
      }, {
        "name": "dsu.json Module.Numerator_4",
        "valueBoolean": true
      }, {
        "name": "dsu.json Module.Numerator_3",
        "valueBoolean": false
      }, {
        "name": "dsu_initial_population.json Module.InitialPopulation",
        "valueBoolean": false
      }, {
        "name": "dsu.json Module.Numerator_2",
        "valueBoolean": false
      }, {
        "name": "dsu.json Module.Numerator_1",
        "valueBoolean": true
      }, {
        "name": "hospice_required_exclusion.json Module.RequiredExclusion",
        "valueBoolean": true
      } ]
    }
  }, {
    "fullUrl": "urn:uuid:58f3bc2a-a44a-c26d-3ca8-1356541c2c4b",
    "resource": {
      "resourceType": "Patient",
      "id": "58f3bc2a-a44a-c26d-3ca8-1356541c2c4b",
      "meta": {
        "profile": [ "http://hl7.org/fhir/us/core/StructureDefinition/us-core-patient" ]
      },
      "text": {
        "status": "generated",
        "div": "<div xmlns=\"http://www.w3.org/1999/xhtml\">Generated by <a href=\"https://github.com/synthetichealth/synthea\">Synthea</a>.Version identifier: 79d417f\n .   Person seed: 3096526257973622081  Population seed: 1703176669956</div>"
      },
      "extension": [ {
        "url": "http://hl7.org/fhir/us/core/StructureDefinition/us-core-race",
        "extension": [ {
          "url": "ombCategory",
          "valueCoding": {
            "system": "urn:oid:2.16.840.1.113883.6.238",
            "code": "2106-3",
            "display": "White"
          }
        }, {
          "url": "text",
          "valueString": "White"
        } ]
      }, {
        "url": "http://hl7.org/fhir/us/core/StructureDefinition/us-core-ethnicity",
        "extension": [ {
          "url": "ombCategory",
          "valueCoding": {
            "system": "urn:oid:2.16.840.1.113883.6.238",
            "code": "2186-5",
            "display": "Not Hispanic or Latino"
          }
        }, {
          "url": "text",
          "valueString": "Not Hispanic or Latino"
        } ]
      }, {
        "url": "http://hl7.org/fhir/StructureDefinition/patient-mothersMaidenName",
        "valueString": "Williemae O'Reilly"
      }, {
        "url": "http://hl7.org/fhir/us/core/StructureDefinition/us-core-birthsex",
        "valueCode": "F"
      }, {
        "url": "http://hl7.org/fhir/StructureDefinition/patient-birthPlace",
        "valueAddress": {
          "city": "Carver",
          "state": "Massachusetts",
          "country": "US"
        }
      } ],
      "identifier": [ {
        "system": "https://github.com/synthetichealth/synthea",
        "value": "58f3bc2a-a44a-c26d-3ca8-1356541c2c4b"
      }, {
        "type": {
          "coding": [ {
            "system": "http://terminology.hl7.org/CodeSystem/v2-0203",
            "code": "MR",
            "display": "Medical Record Number"
          } ],
          "text": "Medical Record Number"
        },
        "system": "http://hospital.smarthealthit.org",
        "value": "58f3bc2a-a44a-c26d-3ca8-1356541c2c4b"
      }, {
        "type": {
          "coding": [ {
            "system": "http://terminology.hl7.org/CodeSystem/v2-0203",
            "code": "SS",
            "display": "Social Security Number"
          } ],
          "text": "Social Security Number"
        },
        "system": "http://hl7.org/fhir/sid/us-ssn",
        "value": "999-46-6336"
      } ],
      "name": [ {
        "use": "official",
        "family": "Pfannerstill",
        "given": [ "Yu", "Huong" ]
      } ],
      "telecom": [ {
        "system": "phone",
        "value": "555-547-9252",
        "use": "home"
      } ],
      "gender": "female",
      "birthDate": "2003-07-30",
      "address": [ {
        "extension": [ {
          "url": "http://hl7.org/fhir/StructureDefinition/geolocation",
          "extension": [ {
            "url": "latitude",
            "valueDecimal": 41.729067753577
          }, {
            "url": "longitude",
            "valueDecimal": -70.24059093457298
          } ]
        } ],
        "line": [ "576 Zboncak Quay" ],
        "city": "Barnstable",
        "state": "MA",
        "postalCode": "02655",
        "country": "US"
      } ],
      "maritalStatus": {
        "coding": [ {
          "system": "http://terminology.hl7.org/CodeSystem/v3-MaritalStatus",
          "code": "S",
          "display": "Never Married"
        } ],
        "text": "Never Married"
      },
      "multipleBirthBoolean": false,
      "communication": [ {
        "language": {
          "coding": [ {
            "system": "urn:ietf:bcp:47",
            "code": "en-US",
            "display": "English"
          } ],
          "text": "English"
        }
      } ]
    }
  }, {
    "fullUrl": "urn:uuid:83983272-4f88-9b1c-62d5-fe3fb94a7206",
    "resource": {
      "resourceType": "Claim",
      "id": "83983272-4f88-9b1c-62d5-fe3fb94a7206",
      "meta": {
        "tag": [ {
          "system": "https://ncqa.org/fhir/CodeSystem/synthea-state-id",
          "code": "89b9747f-534f-4b1d-841f-5b6458ed6923",
          "display": "Synthea State Id that generated the resource"
        }, {
          "system": "https://ncqa.org/fhir/CodeSystem/hedis-data-source",
          "code": "administrative"
        } ]
      },
      "status": "active",
      "type": {
        "coding": [ {
          "system": "http://terminology.hl7.org/CodeSystem/claim-type",
          "code": "institutional"
        } ]
      },
      "use": "claim",
      "patient": {
        "reference": "urn:uuid:58f3bc2a-a44a-c26d-3ca8-1356541c2c4b",
        "display": "Yu Pfannerstill"
      },
      "billablePeriod": {
        "start": "2024-10-27T00:00:00+00:00",
        "end": "2024-10-27T00:15:00+00:00"
      },
      "created": "2024-10-27T00:15:00+00:00",
      "provider": {
        "reference": "Organization?identifier=https://github.com/synthetichealth/synthea|363d3504-18f8-37de-8fbb-f52a59fd61b1",
        "display": "\"HEALTHALLIANCE HOSPITALS, INC\""
      },
      "priority": {
        "coding": [ {
          "system": "http://terminology.hl7.org/CodeSystem/processpriority",
          "code": "normal"
        } ]
      },
      "diagnosis": [ {
        "sequence": 1,
        "diagnosisReference": {
          "reference": "urn:uuid:1823f9d4-3ef2-bf9a-5507-a0d271b0fa83",
          "display": "Alc Abuse & Dep ICD 10 Dx Only"
        }
      } ],
      "item": [ {
        "sequence": 1,
        "diagnosisSequence": [ 1 ],
        "productOrService": {
          "coding": [ {
            "system": "http://www.ama-assn.org/go/cpt",
            "code": "99386"
          } ]
        },
        "servicedPeriod": {
          "start": "2024-10-27T00:00:00+00:00",
          "end": "2024-10-27T00:15:00+00:00"
        }
      } ]
    }
  }, {
    "fullUrl": "urn:uuid:1823f9d4-3ef2-bf9a-5507-a0d271b0fa83",
    "resource": {
      "resourceType": "Condition",
      "id": "1823f9d4-3ef2-bf9a-5507-a0d271b0fa83",
      "meta": {
        "profile": [ "http://hl7.org/fhir/us/core/StructureDefinition/us-core-condition" ],
        "tag": [ {
          "system": "https://ncqa.org/fhir/CodeSystem/synthea-state-id",
          "code": "5bf04be2-2279-4903-b5c9-3ba84216a47f",
          "display": "Synthea State Id that generated the resource"
        } ]
      },
      "clinicalStatus": {
        "coding": [ {
          "system": "http://terminology.hl7.org/CodeSystem/condition-clinical",
          "code": "active"
        } ]
      },
      "verificationStatus": {
        "coding": [ {
          "system": "http://terminology.hl7.org/CodeSystem/condition-ver-status",
          "code": "confirmed"
        } ]
      },
      "category": [ {
        "coding": [ {
          "system": "http://terminology.hl7.org/CodeSystem/condition-category",
          "code": "encounter-diagnosis",
          "display": "Encounter Diagnosis"
        } ]
      } ],
      "code": {
        "coding": [ {
          "system": "http://hl7.org/fhir/sid/icd-10-cm",
          "code": "F10.14",
          "display": "[F10.14] Alcohol abuse with alcohol-induced mood disorder"
        } ],
        "text": "[F10.14] Alcohol abuse with alcohol-induced mood disorder"
      },
      "subject": {
        "reference": "urn:uuid:58f3bc2a-a44a-c26d-3ca8-1356541c2c4b"
      },
      "onsetDateTime": "2024-10-27T00:00:00+00:00",
      "recordedDate": "2024-10-27T00:00:00+00:00"
    }
  }, {
    "fullUrl": "urn:uuid:5bb3fdb1-26eb-aede-fb11-6d9b1e4b1b07",
    "resource": {
      "resourceType": "Claim",
      "id": "5bb3fdb1-26eb-aede-fb11-6d9b1e4b1b07",
      "meta": {
        "tag": [ {
          "system": "https://ncqa.org/fhir/CodeSystem/synthea-state-id",
          "code": "0e30aba5-b3a8-426d-8e8e-23bfbea7e3da",
          "display": "Synthea State Id that generated the resource"
        }, {
          "system": "https://ncqa.org/fhir/CodeSystem/hedis-data-source",
          "code": "administrative"
        } ]
      },
      "status": "active",
      "type": {
        "coding": [ {
          "system": "http://terminology.hl7.org/CodeSystem/claim-type",
          "code": "institutional"
        } ]
      },
      "use": "claim",
      "patient": {
        "reference": "urn:uuid:58f3bc2a-a44a-c26d-3ca8-1356541c2c4b",
        "display": "Yu Pfannerstill"
      },
      "billablePeriod": {
        "start": "2024-12-31T00:00:00+00:00",
        "end": "2024-12-31T00:15:00+00:00"
      },
      "created": "2024-12-31T00:15:00+00:00",
      "provider": {
        "reference": "Organization?identifier=https://github.com/synthetichealth/synthea|363d3504-18f8-37de-8fbb-f52a59fd61b1",
        "display": "\"HEALTHALLIANCE HOSPITALS, INC\""
      },
      "priority": {
        "coding": [ {
          "system": "http://terminology.hl7.org/CodeSystem/processpriority",
          "code": "normal"
        } ]
      },
      "diagnosis": [ {
        "sequence": 1,
        "diagnosisReference": {
          "reference": "urn:uuid:54afc83b-5f1f-aca4-e722-9c16b9198567",
          "display": "Filler ICD"
        }
      } ],
      "item": [ {
        "sequence": 1,
        "diagnosisSequence": [ 1 ],
        "productOrService": {
          "coding": [ {
            "system": "https://www.cms.gov/Medicare/Coding/HCPCSReleaseCodeSets",
            "code": "G0182",
            "display": "Physician supervision of a patient under a medicare-approved hospice (patient not present) requiring complex and multidisciplinary care modalities involving regular physician development and/or revision of care plans, review of subsequent reports of patient status, review of laboratory and other studies, communication (including telephone calls) with other health care professionals involved in the patient\\u0027s care, integration of new information into the medical treatment plan and/or adjustment of medical therapy, within a calendar month, 30 minutes or more (G0182)"
          } ],
          "text": "Physician supervision of a patient under a medicare-approved hospice (patient not present) requiring complex and multidisciplinary care modalities involving regular physician development and/or revision of care plans, review of subsequent reports of patient status, review of laboratory and other studies, communication (including telephone calls) with other health care professionals involved in the patient\\u0027s care, integration of new information into the medical treatment plan and/or adjustment of medical therapy, within a calendar month, 30 minutes or more (G0182)"
        },
        "servicedPeriod": {
          "start": "2024-12-31T00:00:00+00:00",
          "end": "2024-12-31T00:15:00+00:00"
        }
      } ]
    }
  }, {
    "fullUrl": "urn:uuid:54afc83b-5f1f-aca4-e722-9c16b9198567",
    "resource": {
      "resourceType": "Condition",
      "id": "54afc83b-5f1f-aca4-e722-9c16b9198567",
      "meta": {
        "profile": [ "http://hl7.org/fhir/us/core/StructureDefinition/us-core-condition" ],
        "tag": [ {
          "system": "https://ncqa.org/fhir/CodeSystem/synthea-state-id",
          "code": "9db3a5e2-c5b4-41eb-b079-4f6d25442487",
          "display": "Synthea State Id that generated the resource"
        } ]
      },
      "clinicalStatus": {
        "coding": [ {
          "system": "http://terminology.hl7.org/CodeSystem/condition-clinical",
          "code": "active"
        } ]
      },
      "verificationStatus": {
        "coding": [ {
          "system": "http://terminology.hl7.org/CodeSystem/condition-ver-status",
          "code": "confirmed"
        } ]
      },
      "category": [ {
        "coding": [ {
          "system": "http://terminology.hl7.org/CodeSystem/condition-category",
          "code": "encounter-diagnosis",
          "display": "Encounter Diagnosis"
        } ]
      } ],
      "code": {
        "coding": [ {
          "system": "http://hl7.org/fhir/sid/icd-10-cm",
          "code": "O36.0913",
          "display": "[O36.0913] Maternal care for other rhesus isoimmunization, first trimester, fetus 3"
        } ],
        "text": "[O36.0913] Maternal care for other rhesus isoimmunization, first trimester, fetus 3"
      },
      "subject": {
        "reference": "urn:uuid:58f3bc2a-a44a-c26d-3ca8-1356541c2c4b"
      },
      "onsetDateTime": "2024-12-31T00:00:00+00:00",
      "recordedDate": "2024-12-31T00:00:00+00:00"
    }
  }, {
    "fullUrl": "urn:uuid:770d8463-b669-8e53-d0c9-ab7c279f3194",
    "resource": {
      "resourceType": "Coverage",
      "id": "770d8463-b669-8e53-d0c9-ab7c279f3194",
      "type": {
        "coding": [ {
          "system": "https://ncqa.org/fhir/codesystem/hedis-coverage-type",
          "code": "SN2"
        } ]
      },
      "beneficiary": {
        "reference": "urn:uuid:58f3bc2a-a44a-c26d-3ca8-1356541c2c4b",
        "display": "Yu Huong Pfannerstill"
      },
      "period": {
        "start": "2024-01-01T00:00:00+00:00",
        "end": "2024-06-29T00:00:00+00:00"
      }
    }
  }, {
    "fullUrl": "urn:uuid:4cfce55b-b547-e629-1198-7fd5d4201deb",
    "resource": {
      "resourceType": "Coverage",
      "id": "4cfce55b-b547-e629-1198-7fd5d4201deb",
      "type": {
        "coding": [ {
          "system": "http://terminology.hl7.org/CodeSystem/v3-ActCode",
          "code": "MCPOL"
        } ]
      },
      "beneficiary": {
        "reference": "urn:uuid:58f3bc2a-a44a-c26d-3ca8-1356541c2c4b",
        "display": "Yu Huong Pfannerstill"
      },
      "period": {
        "start": "2024-01-01T00:00:00+00:00",
        "end": "2024-06-29T00:00:00+00:00"
      }
    }
  }, {
    "fullUrl": "urn:uuid:3cda8257-1b9d-2db7-910a-ad733e9b40cb",
    "resource": {
      "resourceType": "Coverage",
      "id": "3cda8257-1b9d-2db7-910a-ad733e9b40cb",
      "type": {
        "coding": [ {
          "system": "https://ncqa.org/fhir/codesystem/hedis-coverage-type",
          "code": "SN2"
        } ]
      },
      "beneficiary": {
        "reference": "urn:uuid:58f3bc2a-a44a-c26d-3ca8-1356541c2c4b",
        "display": "Yu Huong Pfannerstill"
      },
      "period": {
        "start": "2024-07-28T00:00:00+00:00",
        "end": "2024-12-31T00:00:00+00:00"
      }
    }
  }, {
    "fullUrl": "urn:uuid:df16aa92-c223-a390-55fa-967faf797f68",
    "resource": {
      "resourceType": "Coverage",
      "id": "df16aa92-c223-a390-55fa-967faf797f68",
      "type": {
        "coding": [ {
          "system": "http://terminology.hl7.org/CodeSystem/v3-ActCode",
          "code": "MCPOL"
        } ]
      },
      "beneficiary": {
        "reference": "urn:uuid:58f3bc2a-a44a-c26d-3ca8-1356541c2c4b",
        "display": "Yu Huong Pfannerstill"
      },
      "period": {
        "start": "2024-07-28T00:00:00+00:00",
        "end": "2024-12-31T00:00:00+00:00"
      }
    }
  }, {
    "fullUrl": "urn:uuid:null",
    "resource": {
      "resourceType": "MeasureReport",
      "status": "complete",
      "type": "individual",
      "measure": "\"http://fhir.ncqa.org/measures/hedis/aab_hedis_my2023\""
    }
  } ]
}
