{
  "resourceType": "Bundle",
  "id": "69f84c15-4238-a4cb-6dd4-9479514464b7",
  "type": "transaction",
  "entry": [ {
    "fullUrl": "urn:uuid:5538f551-1633-35ca-a72a-a314c91a87ab",
    "resource": {
      "resourceType": "Practitioner",
      "id": "5538f551-1633-35ca-a72a-a314c91a87ab",
      "meta": {
        "profile": [ "http://hl7.org/fhir/us/core/StructureDefinition/us-core-practitioner" ]
      },
      "identifier": [ {
        "system": "http://hl7.org/fhir/sid/us-npi",
        "value": "9999999995"
      } ],
      "active": true,
      "name": [ {
        "family": "Hinojosa",
        "given": [ "Daniela" ],
        "prefix": [ "Dr." ]
      } ],
      "telecom": [ {
        "extension": [ {
          "url": "http://hl7.org/fhir/us/core/StructureDefinition/us-core-direct",
          "valueBoolean": true
        } ],
        "system": "email",
        "value": "Daniela.Hinojosa@example.com",
        "use": "work"
      } ],
      "address": [ {
        "line": [ "60 HOSPITAL ROAD" ],
        "city": "LEOMINSTER",
        "state": "MA",
        "postalCode": "01453",
        "country": "US"
      } ],
      "gender": "female"
    },
    "request": {
      "method": "POST",
      "url": "Practitioner",
      "ifNoneExist": "identifier=http://hl7.org/fhir/sid/us-npi|9999999995"
    }
  }, {
    "fullUrl": "urn:uuid:05c1d0e0-d014-d4ad-997c-00b73b460471",
    "resource": {
      "resourceType": "PractitionerRole",
      "id": "05c1d0e0-d014-d4ad-997c-00b73b460471",
      "meta": {
        "profile": [ "http://hl7.org/fhir/us/core/StructureDefinition/us-core-practitionerrole" ]
      },
      "practitioner": {
        "identifier": {
          "system": "http://hl7.org/fhir/sid/us-npi",
          "value": "9999999995"
        },
        "display": "Dr. Daniela Hinojosa"
      },
      "organization": {
        "identifier": {
          "system": "https://github.com/synthetichealth/synthea",
          "value": "363d3504-18f8-37de-8fbb-f52a59fd61b1"
        },
        "display": "\"HEALTHALLIANCE HOSPITALS, INC\""
      },
      "code": [ {
        "coding": [ {
          "system": "http://nucc.org/provider-taxonomy",
          "code": "208D00000X",
          "display": "General Practice"
        } ],
        "text": "General Practice"
      } ],
      "specialty": [ {
        "coding": [ {
          "system": "http://nucc.org/provider-taxonomy",
          "code": "208D00000X",
          "display": "General Practice"
        } ],
        "text": "General Practice"
      } ],
      "location": [ {
        "identifier": {
          "system": "https://github.com/synthetichealth/synthea",
          "value": "d0e312f3-0a19-3089-af0e-db79b3aee7ab"
        },
        "display": "\"HEALTHALLIANCE HOSPITALS, INC\""
      } ],
      "telecom": [ {
        "system": "phone",
        "value": "9784662000"
      }, {
        "extension": [ {
          "url": "http://hl7.org/fhir/us/core/StructureDefinition/us-core-direct",
          "valueBoolean": true
        } ],
        "system": "email",
        "value": "Daniela.Hinojosa@example.com",
        "use": "work"
      } ]
    },
    "request": {
      "method": "POST",
      "url": "PractitionerRole"
    }
  }, {
    "resource": {
      "resourceType": "Parameters",
      "id": "69f84c15-4238-a4cb-6dd4-9479514464b7.scorekey",
      "parameter": [ {
        "name": "InitialPopulation",
        "valueBoolean": false
      }, {
        "name": "Numerator_3",
        "valueBoolean": true
      }, {
        "name": "ContinuousEnrollment",
        "valueBoolean": false
      }, {
        "name": "InitialPopulation",
        "valueBoolean": false
      }, {
        "name": "Denominator",
        "valueBoolean": false
      }, {
        "name": "RequiredExclusion",
        "valueBoolean": true
      }, {
        "name": "RequiredExclusion",
        "valueBoolean": true
      }, {
        "name": "Numerator_2",
        "valueBoolean": true
      }, {
        "name": "ContinuousEnrollment",
        "valueBoolean": false
      }, {
        "name": "Numerator_1",
        "valueBoolean": false
      }, {
        "name": "Numerator_4",
        "valueBoolean": true
      }, {
        "name": "Numerator_3",
        "valueBoolean": true
      }, {
        "name": "Denominator",
        "valueBoolean": false
      }, {
        "name": "RequiredExclusion",
        "valueBoolean": true
      }, {
        "name": "Numerator_1",
        "valueBoolean": false
      }, {
        "name": "ContinuousEnrollment",
        "valueBoolean": false
      }, {
        "name": "Numerator_3",
        "valueBoolean": true
      }, {
        "name": "Numerator_2",
        "valueBoolean": true
      }, {
        "name": "Numerator_4",
        "valueBoolean": true
      }, {
        "name": "RequiredExclusion",
        "valueBoolean": true
      }, {
        "name": "Numerator_4",
        "valueBoolean": true
      }, {
        "name": "Numerator_3",
        "valueBoolean": true
      }, {
        "name": "InitialPopulation",
        "valueBoolean": false
      }, {
        "name": "Numerator_2",
        "valueBoolean": true
      }, {
        "name": "Numerator_2",
        "valueBoolean": true
      }, {
        "name": "Numerator_1",
        "valueBoolean": false
      }, {
        "name": "RequiredExclusion",
        "valueBoolean": true
      } ]
    }
  }, {
    "resource": {
      "resourceType": "Parameters",
      "id": "69f84c15-4238-a4cb-6dd4-9479514464b7.all-params",
      "parameter": [ {
        "name": "dsu_continuous_enrollment.json Module.Start Date",
        "valueString": "01/01/2024"
      }, {
        "name": "dsu.json Module.Measurement_Period_End",
        "valueString": "12/31/2024"
      }, {
        "name": "dsu.json Module.Prior_Year_Start",
        "valueString": "01/01/2022"
      }, {
        "name": "dsu.json Module.Prior_Year_End",
        "valueString": "12/31/2023"
      }, {
        "name": "dsu_denominator.json Module.InitialPopulation",
        "valueBoolean": false
      }, {
        "name": "dsu_numerator_3.json Module.Numerator_3",
        "valueBoolean": true
      }, {
        "name": "dsu_continuous_enrollment.json Module.ContinuousEnrollment",
        "valueBoolean": false
      }, {
        "name": "dsu.json Module.InitialPopulation",
        "valueBoolean": false
      }, {
        "name": "dsu_denominator.json Module.Denominator",
        "valueBoolean": false
      }, {
        "name": "dsu.json Module.RequiredExclusion",
        "valueBoolean": true
      }, {
        "name": "dsu_denominator.json Module.RequiredExclusion",
        "valueBoolean": true
      }, {
        "name": "dsu_numerator.json Module.Numerator_2",
        "valueBoolean": true
      }, {
        "name": "dsu.json Module.ContinuousEnrollment",
        "valueBoolean": false
      }, {
        "name": "dsu_numerator.json Module.Numerator_1",
        "valueBoolean": false
      }, {
        "name": "dsu_numerator.json Module.Numerator_4",
        "valueBoolean": true
      }, {
        "name": "dsu_numerator.json Module.Numerator_3",
        "valueBoolean": true
      }, {
        "name": "dsu.json Module.Denominator",
        "valueBoolean": false
      }, {
        "name": "hospice_check.json Module.RequiredExclusion",
        "valueBoolean": true
      }, {
        "name": "dsu_numerator_check.json Module.Numerator_1",
        "valueBoolean": false
      }, {
        "name": "dsu_initial_population.json Module.ContinuousEnrollment",
        "valueBoolean": false
      }, {
        "name": "dsu_numerator_check.json Module.Numerator_3",
        "valueBoolean": true
      }, {
        "name": "dsu_numerator_check.json Module.Numerator_2",
        "valueBoolean": true
      }, {
        "name": "dsu_numerator_check.json Module.Numerator_4",
        "valueBoolean": true
      }, {
        "name": "dsu_initial_population.json Module.RequiredExclusion",
        "valueBoolean": true
      }, {
        "name": "dsu.json Module.Numerator_4",
        "valueBoolean": true
      }, {
        "name": "dsu.json Module.Numerator_3",
        "valueBoolean": true
      }, {
        "name": "dsu_initial_population.json Module.InitialPopulation",
        "valueBoolean": false
      }, {
        "name": "dsu_numerator_2.json Module.Numerator_2",
        "valueBoolean": true
      }, {
        "name": "dsu.json Module.Numerator_2",
        "valueBoolean": true
      }, {
        "name": "dsu.json Module.Numerator_1",
        "valueBoolean": false
      }, {
        "name": "hospice_required_exclusion.json Module.RequiredExclusion",
        "valueBoolean": true
      } ]
    }
  }, {
    "fullUrl": "urn:uuid:69f84c15-4238-a4cb-6dd4-9479514464b7",
    "resource": {
      "resourceType": "Patient",
      "id": "69f84c15-4238-a4cb-6dd4-9479514464b7",
      "meta": {
        "profile": [ "http://hl7.org/fhir/us/core/StructureDefinition/us-core-patient" ]
      },
      "text": {
        "status": "generated",
        "div": "<div xmlns=\"http://www.w3.org/1999/xhtml\">Generated by <a href=\"https://github.com/synthetichealth/synthea\">Synthea</a>.Version identifier: 79d417f\n .   Person seed: -3880398607314692731  Population seed: 1703176669956</div>"
      },
      "extension": [ {
        "url": "http://hl7.org/fhir/us/core/StructureDefinition/us-core-race",
        "extension": [ {
          "url": "ombCategory",
          "valueCoding": {
            "system": "urn:oid:2.16.840.1.113883.6.238",
            "code": "2106-3",
            "display": "White"
          }
        }, {
          "url": "text",
          "valueString": "White"
        } ]
      }, {
        "url": "http://hl7.org/fhir/us/core/StructureDefinition/us-core-ethnicity",
        "extension": [ {
          "url": "ombCategory",
          "valueCoding": {
            "system": "urn:oid:2.16.840.1.113883.6.238",
            "code": "2186-5",
            "display": "Not Hispanic or Latino"
          }
        }, {
          "url": "text",
          "valueString": "Not Hispanic or Latino"
        } ]
      }, {
        "url": "http://hl7.org/fhir/StructureDefinition/patient-mothersMaidenName",
        "valueString": "Clemencia Doyle"
      }, {
        "url": "http://hl7.org/fhir/us/core/StructureDefinition/us-core-birthsex",
        "valueCode": "M"
      }, {
        "url": "http://hl7.org/fhir/StructureDefinition/patient-birthPlace",
        "valueAddress": {
          "city": "Palmer",
          "state": "Massachusetts",
          "country": "US"
        }
      } ],
      "identifier": [ {
        "system": "https://github.com/synthetichealth/synthea",
        "value": "69f84c15-4238-a4cb-6dd4-9479514464b7"
      }, {
        "type": {
          "coding": [ {
            "system": "http://terminology.hl7.org/CodeSystem/v2-0203",
            "code": "MR",
            "display": "Medical Record Number"
          } ],
          "text": "Medical Record Number"
        },
        "system": "http://hospital.smarthealthit.org",
        "value": "69f84c15-4238-a4cb-6dd4-9479514464b7"
      }, {
        "type": {
          "coding": [ {
            "system": "http://terminology.hl7.org/CodeSystem/v2-0203",
            "code": "SS",
            "display": "Social Security Number"
          } ],
          "text": "Social Security Number"
        },
        "system": "http://hl7.org/fhir/sid/us-ssn",
        "value": "999-61-8906"
      } ],
      "name": [ {
        "use": "official",
        "family": "Tillman",
        "given": [ "Carlos" ]
      } ],
      "telecom": [ {
        "system": "phone",
        "value": "555-167-5129",
        "use": "home"
      } ],
      "gender": "male",
      "birthDate": "2009-11-13",
      "address": [ {
        "extension": [ {
          "url": "http://hl7.org/fhir/StructureDefinition/geolocation",
          "extension": [ {
            "url": "latitude",
            "valueDecimal": 42.41450355401381
          }, {
            "url": "longitude",
            "valueDecimal": -71.46330967171107
          } ]
        } ],
        "line": [ "201 Veum Stravenue Apt 23" ],
        "city": "Stow",
        "state": "MA",
        "country": "US"
      } ],
      "maritalStatus": {
        "coding": [ {
          "system": "http://terminology.hl7.org/CodeSystem/v3-MaritalStatus",
          "code": "S",
          "display": "Never Married"
        } ],
        "text": "Never Married"
      },
      "multipleBirthBoolean": false,
      "communication": [ {
        "language": {
          "coding": [ {
            "system": "urn:ietf:bcp:47",
            "code": "en-US",
            "display": "English"
          } ],
          "text": "English"
        }
      } ]
    }
  }, {
    "fullUrl": "urn:uuid:cfdd02ee-8047-40f0-5b84-4494c885dae8",
    "resource": {
      "resourceType": "Encounter",
      "id": "cfdd02ee-8047-40f0-5b84-4494c885dae8",
      "meta": {
        "profile": [ "http://hl7.org/fhir/us/core/StructureDefinition/us-core-encounter" ],
        "tag": [ {
          "system": "https://ncqa.org/fhir/CodeSystem/synthea-state-id",
          "code": "e3601090-272e-4937-b51e-d931c8466357",
          "display": "Synthea State Id that generated the resource"
        } ]
      },
      "identifier": [ {
        "use": "official",
        "system": "https://github.com/synthetichealth/synthea",
        "value": "cfdd02ee-8047-40f0-5b84-4494c885dae8"
      } ],
      "status": "finished",
      "class": {
        "system": "http://terminology.hl7.org/CodeSystem/v3-ActCode",
        "code": "AMB"
      },
      "type": [ {
        "coding": [ {
          "system": "https://www.nubc.org/CodeSystem/RevenueCodes",
          "code": "0513"
        } ]
      } ],
      "subject": {
        "reference": "urn:uuid:69f84c15-4238-a4cb-6dd4-9479514464b7",
        "display": "Carlos Tillman"
      },
      "participant": [ {
        "type": [ {
          "coding": [ {
            "system": "http://terminology.hl7.org/CodeSystem/v3-ParticipationType",
            "code": "PPRF",
            "display": "primary performer"
          } ],
          "text": "primary performer"
        } ],
        "period": {
          "start": "2024-01-31T00:00:00+00:00",
          "end": "2024-01-31T00:15:00+00:00"
        },
        "individual": {
          "reference": "urn:uuid:5538f551-1633-35ca-a72a-a314c91a87ab",
          "display": "Dr. Daniela Hinojosa"
        }
      } ],
      "period": {
        "start": "2024-01-31T00:00:00+00:00",
        "end": "2024-01-31T00:15:00+00:00"
      },
      "location": [ {
        "location": {
          "reference": "Location?identifier=https://github.com/synthetichealth/synthea|d0e312f3-0a19-3089-af0e-db79b3aee7ab",
          "display": "\"HEALTHALLIANCE HOSPITALS, INC\""
        }
      } ],
      "serviceProvider": {
        "reference": "Organization?identifier=https://github.com/synthetichealth/synthea|363d3504-18f8-37de-8fbb-f52a59fd61b1",
        "display": "\"HEALTHALLIANCE HOSPITALS, INC\""
      }
    }
  }, {
    "fullUrl": "urn:uuid:670739ca-5aee-5535-761c-8a017bd9f23b",
    "resource": {
      "resourceType": "Condition",
      "id": "670739ca-5aee-5535-761c-8a017bd9f23b",
      "meta": {
        "profile": [ "http://hl7.org/fhir/us/core/StructureDefinition/us-core-condition" ],
        "tag": [ {
          "system": "https://ncqa.org/fhir/CodeSystem/synthea-state-id",
          "code": "13d38ef1-1eef-41fb-a4b8-edfd210ef545",
          "display": "Synthea State Id that generated the resource"
        } ]
      },
      "clinicalStatus": {
        "coding": [ {
          "system": "http://terminology.hl7.org/CodeSystem/condition-clinical",
          "code": "active"
        } ]
      },
      "verificationStatus": {
        "coding": [ {
          "system": "http://terminology.hl7.org/CodeSystem/condition-ver-status",
          "code": "confirmed"
        } ]
      },
      "category": [ {
        "coding": [ {
          "system": "http://terminology.hl7.org/CodeSystem/condition-category",
          "code": "encounter-diagnosis",
          "display": "Encounter Diagnosis"
        } ]
      } ],
      "code": {
        "coding": [ {
          "system": "http://snomed.info/sct/731000124108",
          "code": "724702008",
          "display": "Psychotic disorder caused by volatile inhalant (disorder)"
        } ],
        "text": "Psychotic disorder caused by volatile inhalant (disorder)"
      },
      "subject": {
        "reference": "urn:uuid:69f84c15-4238-a4cb-6dd4-9479514464b7"
      },
      "encounter": {
        "reference": "urn:uuid:cfdd02ee-8047-40f0-5b84-4494c885dae8"
      },
      "onsetDateTime": "2024-01-31T00:00:00+00:00",
      "recordedDate": "2024-01-31T00:00:00+00:00"
    }
  }, {
    "fullUrl": "urn:uuid:03adafb5-0a90-5a06-e32a-9a5386ca3f7a",
    "resource": {
      "resourceType": "Claim",
      "id": "03adafb5-0a90-5a06-e32a-9a5386ca3f7a",
      "meta": {
        "tag": [ {
          "system": "https://ncqa.org/fhir/CodeSystem/synthea-state-id",
          "code": "e2510331-2815-4c5c-ba94-e6b68a9f1160",
          "display": "Synthea State Id that generated the resource"
        }, {
          "system": "https://ncqa.org/fhir/CodeSystem/hedis-data-source",
          "code": "administrative"
        } ]
      },
      "status": "active",
      "type": {
        "coding": [ {
          "system": "http://terminology.hl7.org/CodeSystem/claim-type",
          "code": "institutional"
        } ]
      },
      "use": "claim",
      "patient": {
        "reference": "urn:uuid:69f84c15-4238-a4cb-6dd4-9479514464b7",
        "display": "Carlos Tillman"
      },
      "billablePeriod": {
        "start": "2024-01-31T00:00:00+00:00",
        "end": "2024-01-31T00:15:00+00:00"
      },
      "created": "2024-01-31T00:15:00+00:00",
      "provider": {
        "reference": "Organization?identifier=https://github.com/synthetichealth/synthea|363d3504-18f8-37de-8fbb-f52a59fd61b1",
        "display": "\"HEALTHALLIANCE HOSPITALS, INC\""
      },
      "priority": {
        "coding": [ {
          "system": "http://terminology.hl7.org/CodeSystem/processpriority",
          "code": "normal"
        } ]
      },
      "diagnosis": [ {
        "sequence": 1,
        "diagnosisReference": {
          "reference": "urn:uuid:3665bb63-47c2-16e0-961f-45feeecc15d6",
          "display": "Filler ICD 10 Dx Only"
        }
      } ],
      "item": [ {
        "sequence": 1,
        "diagnosisSequence": [ 1 ],
        "productOrService": {
          "coding": [ {
            "system": "https://www.nubc.org/CodeSystem/RevenueCodes",
            "code": "0513"
          } ]
        },
        "servicedPeriod": {
          "start": "2024-01-31T00:00:00+00:00",
          "end": "2024-01-31T00:15:00+00:00"
        }
      } ]
    }
  }, {
    "fullUrl": "urn:uuid:3665bb63-47c2-16e0-961f-45feeecc15d6",
    "resource": {
      "resourceType": "Condition",
      "id": "3665bb63-47c2-16e0-961f-45feeecc15d6",
      "meta": {
        "profile": [ "http://hl7.org/fhir/us/core/StructureDefinition/us-core-condition" ],
        "tag": [ {
          "system": "https://ncqa.org/fhir/CodeSystem/synthea-state-id",
          "code": "1fce1fe0-8796-4179-8eb2-26ab557640d7",
          "display": "Synthea State Id that generated the resource"
        } ]
      },
      "clinicalStatus": {
        "coding": [ {
          "system": "http://terminology.hl7.org/CodeSystem/condition-clinical",
          "code": "active"
        } ]
      },
      "verificationStatus": {
        "coding": [ {
          "system": "http://terminology.hl7.org/CodeSystem/condition-ver-status",
          "code": "confirmed"
        } ]
      },
      "category": [ {
        "coding": [ {
          "system": "http://terminology.hl7.org/CodeSystem/condition-category",
          "code": "encounter-diagnosis",
          "display": "Encounter Diagnosis"
        } ]
      } ],
      "code": {
        "coding": [ {
          "system": "http://hl7.org/fhir/sid/icd-10-cm",
          "code": "O26.53",
          "display": "[O26.53] Maternal hypotension syndrome, third trimester"
        } ],
        "text": "[O26.53] Maternal hypotension syndrome, third trimester"
      },
      "subject": {
        "reference": "urn:uuid:69f84c15-4238-a4cb-6dd4-9479514464b7"
      },
      "onsetDateTime": "2024-01-31T00:00:00+00:00",
      "recordedDate": "2024-01-31T00:00:00+00:00"
    }
  }, {
    "fullUrl": "urn:uuid:18b94b49-dc99-9875-bbaf-8c64a89d1b37",
    "resource": {
      "resourceType": "Claim",
      "id": "18b94b49-dc99-9875-bbaf-8c64a89d1b37",
      "meta": {
        "tag": [ {
          "system": "https://ncqa.org/fhir/CodeSystem/synthea-state-id",
          "code": "e2510331-2815-4c5c-ba94-e6b68a9f1160",
          "display": "Synthea State Id that generated the resource"
        }, {
          "system": "https://ncqa.org/fhir/CodeSystem/hedis-data-source",
          "code": "administrative"
        } ]
      },
      "status": "active",
      "type": {
        "coding": [ {
          "system": "http://terminology.hl7.org/CodeSystem/claim-type",
          "code": "institutional"
        } ]
      },
      "use": "claim",
      "patient": {
        "reference": "urn:uuid:69f84c15-4238-a4cb-6dd4-9479514464b7",
        "display": "Carlos Tillman"
      },
      "billablePeriod": {
        "start": "2024-01-31T00:00:00+00:00",
        "end": "2024-01-31T00:15:00+00:00"
      },
      "created": "2024-01-31T00:15:00+00:00",
      "provider": {
        "reference": "Organization?identifier=https://github.com/synthetichealth/synthea|363d3504-18f8-37de-8fbb-f52a59fd61b1",
        "display": "\"HEALTHALLIANCE HOSPITALS, INC\""
      },
      "priority": {
        "coding": [ {
          "system": "http://terminology.hl7.org/CodeSystem/processpriority",
          "code": "normal"
        } ]
      },
      "diagnosis": [ {
        "sequence": 1,
        "diagnosisReference": {
          "reference": "urn:uuid:fecc6ee1-687a-985c-4aa9-cedb9e4fe8e2",
          "display": "Filler ICD 10 Dx Only"
        }
      } ],
      "item": [ {
        "sequence": 1,
        "diagnosisSequence": [ 1 ],
        "productOrService": {
          "coding": [ {
            "system": "https://www.nubc.org/CodeSystem/RevenueCodes",
            "code": "0513"
          } ]
        },
        "servicedPeriod": {
          "start": "2024-01-31T00:00:00+00:00",
          "end": "2024-01-31T00:15:00+00:00"
        }
      } ]
    }
  }, {
    "fullUrl": "urn:uuid:fecc6ee1-687a-985c-4aa9-cedb9e4fe8e2",
    "resource": {
      "resourceType": "Condition",
      "id": "fecc6ee1-687a-985c-4aa9-cedb9e4fe8e2",
      "meta": {
        "profile": [ "http://hl7.org/fhir/us/core/StructureDefinition/us-core-condition" ],
        "tag": [ {
          "system": "https://ncqa.org/fhir/CodeSystem/synthea-state-id",
          "code": "1fce1fe0-8796-4179-8eb2-26ab557640d7",
          "display": "Synthea State Id that generated the resource"
        } ]
      },
      "clinicalStatus": {
        "coding": [ {
          "system": "http://terminology.hl7.org/CodeSystem/condition-clinical",
          "code": "active"
        } ]
      },
      "verificationStatus": {
        "coding": [ {
          "system": "http://terminology.hl7.org/CodeSystem/condition-ver-status",
          "code": "confirmed"
        } ]
      },
      "category": [ {
        "coding": [ {
          "system": "http://terminology.hl7.org/CodeSystem/condition-category",
          "code": "encounter-diagnosis",
          "display": "Encounter Diagnosis"
        } ]
      } ],
      "code": {
        "coding": [ {
          "system": "http://hl7.org/fhir/sid/icd-10-cm",
          "code": "O26.53",
          "display": "[O26.53] Maternal hypotension syndrome, third trimester"
        } ],
        "text": "[O26.53] Maternal hypotension syndrome, third trimester"
      },
      "subject": {
        "reference": "urn:uuid:69f84c15-4238-a4cb-6dd4-9479514464b7"
      },
      "onsetDateTime": "2024-01-31T00:00:00+00:00",
      "recordedDate": "2024-01-31T00:00:00+00:00"
    }
  }, {
    "fullUrl": "urn:uuid:0058021a-7e9a-1c4b-1ef9-51d79b005fc9",
    "resource": {
      "resourceType": "Claim",
      "id": "0058021a-7e9a-1c4b-1ef9-51d79b005fc9",
      "meta": {
        "tag": [ {
          "system": "https://ncqa.org/fhir/CodeSystem/synthea-state-id",
          "code": "3676e0c0-e9c9-46f9-b422-db2b5a8d9425",
          "display": "Synthea State Id that generated the resource"
        }, {
          "system": "https://ncqa.org/fhir/CodeSystem/hedis-data-source",
          "code": "administrative"
        } ]
      },
      "status": "active",
      "type": {
        "coding": [ {
          "system": "http://terminology.hl7.org/CodeSystem/claim-type",
          "code": "institutional"
        } ]
      },
      "use": "claim",
      "patient": {
        "reference": "urn:uuid:69f84c15-4238-a4cb-6dd4-9479514464b7",
        "display": "Carlos Tillman"
      },
      "billablePeriod": {
        "start": "2024-01-31T00:00:00+00:00",
        "end": "2024-01-31T00:15:00+00:00"
      },
      "created": "2024-01-31T00:15:00+00:00",
      "provider": {
        "reference": "Organization?identifier=https://github.com/synthetichealth/synthea|363d3504-18f8-37de-8fbb-f52a59fd61b1",
        "display": "\"HEALTHALLIANCE HOSPITALS, INC\""
      },
      "priority": {
        "coding": [ {
          "system": "http://terminology.hl7.org/CodeSystem/processpriority",
          "code": "normal"
        } ]
      },
      "diagnosis": [ {
        "sequence": 1,
        "diagnosisReference": {
          "reference": "urn:uuid:eda50d30-0dc0-5485-fffe-2c4867886e1e",
          "display": "Opioid Abuse & Dep ICD 10 Dx Only"
        }
      } ],
      "item": [ {
        "sequence": 1,
        "diagnosisSequence": [ 1 ],
        "productOrService": {
          "coding": [ {
            "system": "https://www.nubc.org/CodeSystem/RevenueCodes",
            "code": "0513"
          } ]
        },
        "servicedPeriod": {
          "start": "2024-01-31T00:00:00+00:00",
          "end": "2024-01-31T00:15:00+00:00"
        }
      } ]
    }
  }, {
    "fullUrl": "urn:uuid:eda50d30-0dc0-5485-fffe-2c4867886e1e",
    "resource": {
      "resourceType": "Condition",
      "id": "eda50d30-0dc0-5485-fffe-2c4867886e1e",
      "meta": {
        "profile": [ "http://hl7.org/fhir/us/core/StructureDefinition/us-core-condition" ],
        "tag": [ {
          "system": "https://ncqa.org/fhir/CodeSystem/synthea-state-id",
          "code": "6feebda2-5941-446c-a6ef-b6786b3f1544",
          "display": "Synthea State Id that generated the resource"
        } ]
      },
      "clinicalStatus": {
        "coding": [ {
          "system": "http://terminology.hl7.org/CodeSystem/condition-clinical",
          "code": "active"
        } ]
      },
      "verificationStatus": {
        "coding": [ {
          "system": "http://terminology.hl7.org/CodeSystem/condition-ver-status",
          "code": "confirmed"
        } ]
      },
      "category": [ {
        "coding": [ {
          "system": "http://terminology.hl7.org/CodeSystem/condition-category",
          "code": "encounter-diagnosis",
          "display": "Encounter Diagnosis"
        } ]
      } ],
      "code": {
        "coding": [ {
          "system": "http://hl7.org/fhir/sid/icd-10-cm",
          "code": "F11.188",
          "display": "[F11.188] Opioid abuse with other opioid-induced disorder"
        } ],
        "text": "[F11.188] Opioid abuse with other opioid-induced disorder"
      },
      "subject": {
        "reference": "urn:uuid:69f84c15-4238-a4cb-6dd4-9479514464b7"
      },
      "onsetDateTime": "2024-01-31T00:00:00+00:00",
      "recordedDate": "2024-01-31T00:00:00+00:00"
    }
  }, {
    "fullUrl": "urn:uuid:6e77dca2-5da5-6d91-4f6a-493e89431a28",
    "resource": {
      "resourceType": "Claim",
      "id": "6e77dca2-5da5-6d91-4f6a-493e89431a28",
      "meta": {
        "tag": [ {
          "system": "https://ncqa.org/fhir/CodeSystem/synthea-state-id",
          "code": "0e30aba5-b3a8-426d-8e8e-23bfbea7e3da",
          "display": "Synthea State Id that generated the resource"
        }, {
          "system": "https://ncqa.org/fhir/CodeSystem/hedis-data-source",
          "code": "administrative"
        } ]
      },
      "status": "active",
      "type": {
        "coding": [ {
          "system": "http://terminology.hl7.org/CodeSystem/claim-type",
          "code": "institutional"
        } ]
      },
      "use": "claim",
      "patient": {
        "reference": "urn:uuid:69f84c15-4238-a4cb-6dd4-9479514464b7",
        "display": "Carlos Tillman"
      },
      "billablePeriod": {
        "start": "2024-01-01T00:00:00+00:00",
        "end": "2024-01-01T00:15:00+00:00"
      },
      "created": "2024-01-01T00:15:00+00:00",
      "provider": {
        "reference": "Organization?identifier=https://github.com/synthetichealth/synthea|363d3504-18f8-37de-8fbb-f52a59fd61b1",
        "display": "\"HEALTHALLIANCE HOSPITALS, INC\""
      },
      "priority": {
        "coding": [ {
          "system": "http://terminology.hl7.org/CodeSystem/processpriority",
          "code": "normal"
        } ]
      },
      "diagnosis": [ {
        "sequence": 1,
        "diagnosisReference": {
          "reference": "urn:uuid:4a46157e-0add-492c-2dba-5fd6b674e65a",
          "display": "Filler ICD"
        }
      } ],
      "item": [ {
        "sequence": 1,
        "diagnosisSequence": [ 1 ],
        "productOrService": {
          "coding": [ {
            "system": "http://snomed.info/sct/731000124108",
            "code": "305911006",
            "display": "Seen in hospice (finding)"
          } ],
          "text": "Seen in hospice (finding)"
        },
        "servicedPeriod": {
          "start": "2024-01-01T00:00:00+00:00",
          "end": "2024-01-01T00:15:00+00:00"
        }
      } ]
    }
  }, {
    "fullUrl": "urn:uuid:4a46157e-0add-492c-2dba-5fd6b674e65a",
    "resource": {
      "resourceType": "Condition",
      "id": "4a46157e-0add-492c-2dba-5fd6b674e65a",
      "meta": {
        "profile": [ "http://hl7.org/fhir/us/core/StructureDefinition/us-core-condition" ],
        "tag": [ {
          "system": "https://ncqa.org/fhir/CodeSystem/synthea-state-id",
          "code": "9db3a5e2-c5b4-41eb-b079-4f6d25442487",
          "display": "Synthea State Id that generated the resource"
        } ]
      },
      "clinicalStatus": {
        "coding": [ {
          "system": "http://terminology.hl7.org/CodeSystem/condition-clinical",
          "code": "active"
        } ]
      },
      "verificationStatus": {
        "coding": [ {
          "system": "http://terminology.hl7.org/CodeSystem/condition-ver-status",
          "code": "confirmed"
        } ]
      },
      "category": [ {
        "coding": [ {
          "system": "http://terminology.hl7.org/CodeSystem/condition-category",
          "code": "encounter-diagnosis",
          "display": "Encounter Diagnosis"
        } ]
      } ],
      "code": {
        "coding": [ {
          "system": "http://hl7.org/fhir/sid/icd-10-cm",
          "code": "O99.210",
          "display": "[O99.210] Obesity complicating pregnancy, unspecified trimester"
        } ],
        "text": "[O99.210] Obesity complicating pregnancy, unspecified trimester"
      },
      "subject": {
        "reference": "urn:uuid:69f84c15-4238-a4cb-6dd4-9479514464b7"
      },
      "onsetDateTime": "2024-01-01T00:00:00+00:00",
      "recordedDate": "2024-01-01T00:00:00+00:00"
    }
  }, {
    "fullUrl": "urn:uuid:5d0349e2-7111-527f-616c-0550cdcde2a1",
    "resource": {
      "resourceType": "Coverage",
      "id": "5d0349e2-7111-527f-616c-0550cdcde2a1",
      "type": {
        "coding": [ {
          "system": "https://ncqa.org/fhir/codesystem/hedis-coverage-type",
          "code": "PPO"
        } ]
      },
      "beneficiary": {
        "reference": "urn:uuid:69f84c15-4238-a4cb-6dd4-9479514464b7",
        "display": "Carlos Tillman"
      },
      "period": {
        "start": "2024-01-01T00:00:00+00:00",
        "end": "2024-12-31T00:00:00+00:00"
      }
    }
  }, {
    "fullUrl": "urn:uuid:a683d1be-d386-e194-9c80-3d8090eafefd",
    "resource": {
      "resourceType": "Coverage",
      "id": "a683d1be-d386-e194-9c80-3d8090eafefd",
      "type": {
        "coding": [ {
          "system": "http://terminology.hl7.org/CodeSystem/v3-ActCode",
          "code": "MCPOL"
        } ]
      },
      "beneficiary": {
        "reference": "urn:uuid:69f84c15-4238-a4cb-6dd4-9479514464b7",
        "display": "Carlos Tillman"
      },
      "period": {
        "start": "2024-01-01T00:00:00+00:00",
        "end": "2024-12-31T00:00:00+00:00"
      }
    }
  }, {
    "fullUrl": "urn:uuid:null",
    "resource": {
      "resourceType": "MeasureReport",
      "status": "complete",
      "type": "individual",
      "measure": "\"http://fhir.ncqa.org/measures/hedis/aab_hedis_my2023\""
    }
  } ]
}
