{
  "resourceType": "Bundle",
  "id": "6f733ff6-8062-075a-8499-9f948b221896",
  "type": "transaction",
  "entry": [ {
    "fullUrl": "urn:uuid:5538f551-1633-35ca-a72a-a314c91a87ab",
    "resource": {
      "resourceType": "Practitioner",
      "id": "5538f551-1633-35ca-a72a-a314c91a87ab",
      "meta": {
        "profile": [ "http://hl7.org/fhir/us/core/StructureDefinition/us-core-practitioner" ]
      },
      "identifier": [ {
        "system": "http://hl7.org/fhir/sid/us-npi",
        "value": "9999999995"
      } ],
      "active": true,
      "name": [ {
        "family": "Hinojosa",
        "given": [ "Daniela" ],
        "prefix": [ "Dr." ]
      } ],
      "telecom": [ {
        "extension": [ {
          "url": "http://hl7.org/fhir/us/core/StructureDefinition/us-core-direct",
          "valueBoolean": true
        } ],
        "system": "email",
        "value": "Daniela.Hinojosa@example.com",
        "use": "work"
      } ],
      "address": [ {
        "line": [ "60 HOSPITAL ROAD" ],
        "city": "LEOMINSTER",
        "state": "MA",
        "postalCode": "01453",
        "country": "US"
      } ],
      "gender": "female"
    },
    "request": {
      "method": "POST",
      "url": "Practitioner",
      "ifNoneExist": "identifier=http://hl7.org/fhir/sid/us-npi|9999999995"
    }
  }, {
    "fullUrl": "urn:uuid:7164eb8f-9f86-329c-aae7-536510466ff6",
    "resource": {
      "resourceType": "PractitionerRole",
      "id": "7164eb8f-9f86-329c-aae7-536510466ff6",
      "meta": {
        "profile": [ "http://hl7.org/fhir/us/core/StructureDefinition/us-core-practitionerrole" ]
      },
      "practitioner": {
        "identifier": {
          "system": "http://hl7.org/fhir/sid/us-npi",
          "value": "9999999995"
        },
        "display": "Dr. Daniela Hinojosa"
      },
      "organization": {
        "identifier": {
          "system": "https://github.com/synthetichealth/synthea",
          "value": "363d3504-18f8-37de-8fbb-f52a59fd61b1"
        },
        "display": "\"HEALTHALLIANCE HOSPITALS, INC\""
      },
      "code": [ {
        "coding": [ {
          "system": "http://nucc.org/provider-taxonomy",
          "code": "208D00000X",
          "display": "General Practice"
        } ],
        "text": "General Practice"
      } ],
      "specialty": [ {
        "coding": [ {
          "system": "http://nucc.org/provider-taxonomy",
          "code": "208D00000X",
          "display": "General Practice"
        } ],
        "text": "General Practice"
      } ],
      "location": [ {
        "identifier": {
          "system": "https://github.com/synthetichealth/synthea",
          "value": "d0e312f3-0a19-3089-af0e-db79b3aee7ab"
        },
        "display": "\"HEALTHALLIANCE HOSPITALS, INC\""
      } ],
      "telecom": [ {
        "system": "phone",
        "value": "9784662000"
      }, {
        "extension": [ {
          "url": "http://hl7.org/fhir/us/core/StructureDefinition/us-core-direct",
          "valueBoolean": true
        } ],
        "system": "email",
        "value": "Daniela.Hinojosa@example.com",
        "use": "work"
      } ]
    },
    "request": {
      "method": "POST",
      "url": "PractitionerRole"
    }
  }, {
    "resource": {
      "resourceType": "Parameters",
      "id": "6f733ff6-8062-075a-8499-9f948b221896.scorekey",
      "parameter": [ {
        "name": "Denominator",
        "valueBoolean": false
      }, {
        "name": "Numerator_1",
        "valueBoolean": false
      }, {
        "name": "ContinuousEnrollment",
        "valueBoolean": false
      }, {
        "name": "InitialPopulation",
        "valueBoolean": false
      }, {
        "name": "Numerator_3",
        "valueBoolean": false
      }, {
        "name": "ContinuousEnrollment",
        "valueBoolean": false
      }, {
        "name": "Numerator_2",
        "valueBoolean": false
      }, {
        "name": "InitialPopulation",
        "valueBoolean": false
      }, {
        "name": "Numerator_4",
        "valueBoolean": false
      }, {
        "name": "RequiredExclusion",
        "valueBoolean": false
      }, {
        "name": "Numerator_4",
        "valueBoolean": false
      }, {
        "name": "Numerator_3",
        "valueBoolean": false
      }, {
        "name": "Numerator_2",
        "valueBoolean": false
      }, {
        "name": "InitialPopulation",
        "valueBoolean": false
      }, {
        "name": "Numerator_1",
        "valueBoolean": false
      }, {
        "name": "Denominator",
        "valueBoolean": false
      }, {
        "name": "RequiredExclusion",
        "valueBoolean": false
      }, {
        "name": "RequiredExclusion",
        "valueBoolean": false
      }, {
        "name": "RequiredExclusion",
        "valueBoolean": false
      }, {
        "name": "Numerator_2",
        "valueBoolean": false
      }, {
        "name": "ContinuousEnrollment",
        "valueBoolean": false
      }, {
        "name": "Numerator_1",
        "valueBoolean": false
      }, {
        "name": "Numerator_4",
        "valueBoolean": false
      }, {
        "name": "Numerator_3",
        "valueBoolean": false
      } ]
    }
  }, {
    "resource": {
      "resourceType": "Parameters",
      "id": "6f733ff6-8062-075a-8499-9f948b221896.all-params",
      "parameter": [ {
        "name": "dsu_continuous_enrollment.json Module.Start Date",
        "valueString": "01/01/2024"
      }, {
        "name": "dsu_numerator_bad_timeframe.json Module.Measurement_Period_End",
        "valueString": "12/31/2024"
      }, {
        "name": "dsu.json Module.Prior_Year_Start",
        "valueString": "01/01/2022"
      }, {
        "name": "dsu.json Module.Prior_Year_End",
        "valueString": "12/31/2023"
      }, {
        "name": "dsu.json Module.Denominator",
        "valueBoolean": false
      }, {
        "name": "dsu_numerator_check.json Module.Numerator_1",
        "valueBoolean": false
      }, {
        "name": "dsu_initial_population.json Module.ContinuousEnrollment",
        "valueBoolean": false
      }, {
        "name": "dsu_denominator.json Module.InitialPopulation",
        "valueBoolean": false
      }, {
        "name": "dsu_numerator_check.json Module.Numerator_3",
        "valueBoolean": false
      }, {
        "name": "dsu_continuous_enrollment.json Module.ContinuousEnrollment",
        "valueBoolean": false
      }, {
        "name": "dsu_numerator_check.json Module.Numerator_2",
        "valueBoolean": false
      }, {
        "name": "dsu.json Module.InitialPopulation",
        "valueBoolean": false
      }, {
        "name": "dsu_numerator_check.json Module.Numerator_4",
        "valueBoolean": false
      }, {
        "name": "dsu_initial_population.json Module.RequiredExclusion",
        "valueBoolean": false
      }, {
        "name": "dsu.json Module.Numerator_4",
        "valueBoolean": false
      }, {
        "name": "dsu.json Module.Numerator_3",
        "valueBoolean": false
      }, {
        "name": "dsu.json Module.Numerator_2",
        "valueBoolean": false
      }, {
        "name": "dsu_initial_population.json Module.InitialPopulation",
        "valueBoolean": false
      }, {
        "name": "dsu.json Module.Numerator_1",
        "valueBoolean": false
      }, {
        "name": "dsu_denominator.json Module.Denominator",
        "valueBoolean": false
      }, {
        "name": "dsu_denominator.json Module.RequiredExclusion",
        "valueBoolean": false
      }, {
        "name": "dsu.json Module.RequiredExclusion",
        "valueBoolean": false
      }, {
        "name": "hospice_required_exclusion.json Module.RequiredExclusion",
        "valueBoolean": false
      }, {
        "name": "dsu_numerator.json Module.Numerator_2",
        "valueBoolean": false
      }, {
        "name": "dsu.json Module.ContinuousEnrollment",
        "valueBoolean": false
      }, {
        "name": "dsu_numerator.json Module.Numerator_1",
        "valueBoolean": false
      }, {
        "name": "dsu_numerator.json Module.Numerator_4",
        "valueBoolean": false
      }, {
        "name": "dsu_numerator.json Module.Numerator_3",
        "valueBoolean": false
      } ]
    }
  }, {
    "fullUrl": "urn:uuid:6f733ff6-8062-075a-8499-9f948b221896",
    "resource": {
      "resourceType": "Patient",
      "id": "6f733ff6-8062-075a-8499-9f948b221896",
      "meta": {
        "profile": [ "http://hl7.org/fhir/us/core/StructureDefinition/us-core-patient" ]
      },
      "text": {
        "status": "generated",
        "div": "<div xmlns=\"http://www.w3.org/1999/xhtml\">Generated by <a href=\"https://github.com/synthetichealth/synthea\">Synthea</a>.Version identifier: 79d417f\n .   Person seed: -3330212090671603777  Population seed: 1703176669956</div>"
      },
      "extension": [ {
        "url": "http://hl7.org/fhir/us/core/StructureDefinition/us-core-race",
        "extension": [ {
          "url": "ombCategory",
          "valueCoding": {
            "system": "urn:oid:2.16.840.1.113883.6.238",
            "code": "2054-5",
            "display": "Black or African American"
          }
        }, {
          "url": "text",
          "valueString": "Black or African American"
        } ]
      }, {
        "url": "http://hl7.org/fhir/us/core/StructureDefinition/us-core-ethnicity",
        "extension": [ {
          "url": "ombCategory",
          "valueCoding": {
            "system": "urn:oid:2.16.840.1.113883.6.238",
            "code": "2186-5",
            "display": "Not Hispanic or Latino"
          }
        }, {
          "url": "text",
          "valueString": "Not Hispanic or Latino"
        } ]
      }, {
        "url": "http://hl7.org/fhir/StructureDefinition/patient-mothersMaidenName",
        "valueString": "Darcie Bayer"
      }, {
        "url": "http://hl7.org/fhir/us/core/StructureDefinition/us-core-birthsex",
        "valueCode": "F"
      }, {
        "url": "http://hl7.org/fhir/StructureDefinition/patient-birthPlace",
        "valueAddress": {
          "city": "Fall River",
          "state": "Massachusetts",
          "country": "US"
        }
      } ],
      "identifier": [ {
        "system": "https://github.com/synthetichealth/synthea",
        "value": "6f733ff6-8062-075a-8499-9f948b221896"
      }, {
        "type": {
          "coding": [ {
            "system": "http://terminology.hl7.org/CodeSystem/v2-0203",
            "code": "MR",
            "display": "Medical Record Number"
          } ],
          "text": "Medical Record Number"
        },
        "system": "http://hospital.smarthealthit.org",
        "value": "6f733ff6-8062-075a-8499-9f948b221896"
      }, {
        "type": {
          "coding": [ {
            "system": "http://terminology.hl7.org/CodeSystem/v2-0203",
            "code": "SS",
            "display": "Social Security Number"
          } ],
          "text": "Social Security Number"
        },
        "system": "http://hl7.org/fhir/sid/us-ssn",
        "value": "999-26-9426"
      } ],
      "name": [ {
        "use": "official",
        "family": "King",
        "given": [ "Louisa" ]
      } ],
      "telecom": [ {
        "system": "phone",
        "value": "555-174-9684",
        "use": "home"
      } ],
      "gender": "female",
      "birthDate": "1993-05-11",
      "address": [ {
        "extension": [ {
          "url": "http://hl7.org/fhir/StructureDefinition/geolocation",
          "extension": [ {
            "url": "latitude",
            "valueDecimal": 41.70636249574921
          }, {
            "url": "longitude",
            "valueDecimal": -70.87297868714946
          } ]
        } ],
        "line": [ "1061 Ebert Dale Suite 92" ],
        "city": "Acushnet",
        "state": "MA",
        "country": "US"
      } ],
      "maritalStatus": {
        "coding": [ {
          "system": "http://terminology.hl7.org/CodeSystem/v3-MaritalStatus",
          "code": "S",
          "display": "Never Married"
        } ],
        "text": "Never Married"
      },
      "multipleBirthBoolean": false,
      "communication": [ {
        "language": {
          "coding": [ {
            "system": "urn:ietf:bcp:47",
            "code": "en-US",
            "display": "English"
          } ],
          "text": "English"
        }
      } ]
    }
  }, {
    "fullUrl": "urn:uuid:3fc43b1b-1c8d-f195-8b27-65e403b29360",
    "resource": {
      "resourceType": "Encounter",
      "id": "3fc43b1b-1c8d-f195-8b27-65e403b29360",
      "meta": {
        "profile": [ "http://hl7.org/fhir/us/core/StructureDefinition/us-core-encounter" ],
        "tag": [ {
          "system": "https://ncqa.org/fhir/CodeSystem/synthea-state-id",
          "code": "4adb7488-b173-4413-88ce-4f0d1eec95ef",
          "display": "Synthea State Id that generated the resource"
        } ]
      },
      "identifier": [ {
        "use": "official",
        "system": "https://github.com/synthetichealth/synthea",
        "value": "3fc43b1b-1c8d-f195-8b27-65e403b29360"
      } ],
      "status": "finished",
      "class": {
        "system": "http://terminology.hl7.org/CodeSystem/v3-ActCode",
        "code": "AMB"
      },
      "type": [ {
        "coding": [ {
          "system": "https://www.nubc.org/CodeSystem/RevenueCodes",
          "code": "0511"
        } ]
      } ],
      "subject": {
        "reference": "urn:uuid:6f733ff6-8062-075a-8499-9f948b221896",
        "display": "Louisa King"
      },
      "participant": [ {
        "type": [ {
          "coding": [ {
            "system": "http://terminology.hl7.org/CodeSystem/v3-ParticipationType",
            "code": "PPRF",
            "display": "primary performer"
          } ],
          "text": "primary performer"
        } ],
        "period": {
          "start": "2025-04-30T00:00:00+00:00",
          "end": "2025-04-30T00:15:00+00:00"
        },
        "individual": {
          "reference": "urn:uuid:5538f551-1633-35ca-a72a-a314c91a87ab",
          "display": "Dr. Daniela Hinojosa"
        }
      } ],
      "period": {
        "start": "2025-04-30T00:00:00+00:00",
        "end": "2025-04-30T00:15:00+00:00"
      },
      "location": [ {
        "location": {
          "reference": "Location?identifier=https://github.com/synthetichealth/synthea|d0e312f3-0a19-3089-af0e-db79b3aee7ab",
          "display": "\"HEALTHALLIANCE HOSPITALS, INC\""
        }
      } ],
      "serviceProvider": {
        "reference": "Organization?identifier=https://github.com/synthetichealth/synthea|363d3504-18f8-37de-8fbb-f52a59fd61b1",
        "display": "\"HEALTHALLIANCE HOSPITALS, INC\""
      }
    }
  }, {
    "fullUrl": "urn:uuid:2cf55260-0cac-c3d0-d85a-f567294a7184",
    "resource": {
      "resourceType": "Condition",
      "id": "2cf55260-0cac-c3d0-d85a-f567294a7184",
      "meta": {
        "profile": [ "http://hl7.org/fhir/us/core/StructureDefinition/us-core-condition" ],
        "tag": [ {
          "system": "https://ncqa.org/fhir/CodeSystem/synthea-state-id",
          "code": "9bf11b45-cf89-4e33-8947-85cf4023cf37",
          "display": "Synthea State Id that generated the resource"
        } ]
      },
      "clinicalStatus": {
        "coding": [ {
          "system": "http://terminology.hl7.org/CodeSystem/condition-clinical",
          "code": "active"
        } ]
      },
      "verificationStatus": {
        "coding": [ {
          "system": "http://terminology.hl7.org/CodeSystem/condition-ver-status",
          "code": "confirmed"
        } ]
      },
      "category": [ {
        "coding": [ {
          "system": "http://terminology.hl7.org/CodeSystem/condition-category",
          "code": "encounter-diagnosis",
          "display": "Encounter Diagnosis"
        } ]
      } ],
      "code": {
        "coding": [ {
          "system": "http://hl7.org/fhir/sid/icd-10-cm",
          "code": "O36.0931",
          "display": "[O36.0931] Maternal care for other rhesus isoimmunization, third trimester, fetus 1"
        } ],
        "text": "[O36.0931] Maternal care for other rhesus isoimmunization, third trimester, fetus 1"
      },
      "subject": {
        "reference": "urn:uuid:6f733ff6-8062-075a-8499-9f948b221896"
      },
      "encounter": {
        "reference": "urn:uuid:3fc43b1b-1c8d-f195-8b27-65e403b29360"
      },
      "onsetDateTime": "2025-04-30T00:00:00+00:00",
      "recordedDate": "2025-04-30T00:00:00+00:00"
    }
  }, {
    "fullUrl": "urn:uuid:23edea49-e08c-5fb6-2585-9682f16dbe62",
    "resource": {
      "resourceType": "Coverage",
      "id": "23edea49-e08c-5fb6-2585-9682f16dbe62",
      "type": {
        "coding": [ {
          "system": "https://ncqa.org/fhir/codesystem/hedis-coverage-type",
          "code": "PPO"
        } ]
      },
      "beneficiary": {
        "reference": "urn:uuid:6f733ff6-8062-075a-8499-9f948b221896",
        "display": "Louisa King"
      },
      "period": {
        "start": "2024-01-01T00:00:00+00:00",
        "end": "2024-12-31T00:00:00+00:00"
      }
    }
  }, {
    "fullUrl": "urn:uuid:17dbc8d2-cdc6-c4bb-7a41-bb24996f3417",
    "resource": {
      "resourceType": "Coverage",
      "id": "17dbc8d2-cdc6-c4bb-7a41-bb24996f3417",
      "type": {
        "coding": [ {
          "system": "http://terminology.hl7.org/CodeSystem/v3-ActCode",
          "code": "MCPOL"
        } ]
      },
      "beneficiary": {
        "reference": "urn:uuid:6f733ff6-8062-075a-8499-9f948b221896",
        "display": "Louisa King"
      },
      "period": {
        "start": "2024-01-01T00:00:00+00:00",
        "end": "2024-12-31T00:00:00+00:00"
      }
    }
  }, {
    "fullUrl": "urn:uuid:null",
    "resource": {
      "resourceType": "MeasureReport",
      "status": "complete",
      "type": "individual",
      "measure": "\"http://fhir.ncqa.org/measures/hedis/aab_hedis_my2023\""
    }
  } ]
}
