{
  "resourceType": "Bundle",
  "id": "706fb31d-7741-72a8-c5e7-b6966c8fbbe5",
  "type": "transaction",
  "entry": [ {
    "fullUrl": "urn:uuid:5538f551-1633-35ca-a72a-a314c91a87ab",
    "resource": {
      "resourceType": "Practitioner",
      "id": "5538f551-1633-35ca-a72a-a314c91a87ab",
      "meta": {
        "profile": [ "http://hl7.org/fhir/us/core/StructureDefinition/us-core-practitioner" ]
      },
      "identifier": [ {
        "system": "http://hl7.org/fhir/sid/us-npi",
        "value": "9999999995"
      } ],
      "active": true,
      "name": [ {
        "family": "Hinojosa",
        "given": [ "Daniela" ],
        "prefix": [ "Dr." ]
      } ],
      "telecom": [ {
        "extension": [ {
          "url": "http://hl7.org/fhir/us/core/StructureDefinition/us-core-direct",
          "valueBoolean": true
        } ],
        "system": "email",
        "value": "Daniela.Hinojosa@example.com",
        "use": "work"
      } ],
      "address": [ {
        "line": [ "60 HOSPITAL ROAD" ],
        "city": "LEOMINSTER",
        "state": "MA",
        "postalCode": "01453",
        "country": "US"
      } ],
      "gender": "female"
    },
    "request": {
      "method": "POST",
      "url": "Practitioner",
      "ifNoneExist": "identifier=http://hl7.org/fhir/sid/us-npi|9999999995"
    }
  }, {
    "fullUrl": "urn:uuid:48af7d04-c660-1dc7-cc59-057e9eea1ff7",
    "resource": {
      "resourceType": "PractitionerRole",
      "id": "48af7d04-c660-1dc7-cc59-057e9eea1ff7",
      "meta": {
        "profile": [ "http://hl7.org/fhir/us/core/StructureDefinition/us-core-practitionerrole" ]
      },
      "practitioner": {
        "identifier": {
          "system": "http://hl7.org/fhir/sid/us-npi",
          "value": "9999999995"
        },
        "display": "Dr. Daniela Hinojosa"
      },
      "organization": {
        "identifier": {
          "system": "https://github.com/synthetichealth/synthea",
          "value": "363d3504-18f8-37de-8fbb-f52a59fd61b1"
        },
        "display": "\"HEALTHALLIANCE HOSPITALS, INC\""
      },
      "code": [ {
        "coding": [ {
          "system": "http://nucc.org/provider-taxonomy",
          "code": "208D00000X",
          "display": "General Practice"
        } ],
        "text": "General Practice"
      } ],
      "specialty": [ {
        "coding": [ {
          "system": "http://nucc.org/provider-taxonomy",
          "code": "208D00000X",
          "display": "General Practice"
        } ],
        "text": "General Practice"
      } ],
      "location": [ {
        "identifier": {
          "system": "https://github.com/synthetichealth/synthea",
          "value": "d0e312f3-0a19-3089-af0e-db79b3aee7ab"
        },
        "display": "\"HEALTHALLIANCE HOSPITALS, INC\""
      } ],
      "telecom": [ {
        "system": "phone",
        "value": "9784662000"
      }, {
        "extension": [ {
          "url": "http://hl7.org/fhir/us/core/StructureDefinition/us-core-direct",
          "valueBoolean": true
        } ],
        "system": "email",
        "value": "Daniela.Hinojosa@example.com",
        "use": "work"
      } ]
    },
    "request": {
      "method": "POST",
      "url": "PractitionerRole"
    }
  }, {
    "resource": {
      "resourceType": "Parameters",
      "id": "706fb31d-7741-72a8-c5e7-b6966c8fbbe5.scorekey",
      "parameter": [ {
        "name": "InitialPopulation",
        "valueBoolean": true
      }, {
        "name": "ContinuousEnrollment",
        "valueBoolean": true
      }, {
        "name": "InitialPopulation",
        "valueBoolean": true
      }, {
        "name": "Denominator",
        "valueBoolean": true
      }, {
        "name": "RequiredExclusion",
        "valueBoolean": false
      }, {
        "name": "RequiredExclusion",
        "valueBoolean": false
      }, {
        "name": "Numerator_2",
        "valueBoolean": true
      }, {
        "name": "ContinuousEnrollment",
        "valueBoolean": true
      }, {
        "name": "Numerator_1",
        "valueBoolean": false
      }, {
        "name": "Numerator_4",
        "valueBoolean": true
      }, {
        "name": "Numerator_3",
        "valueBoolean": false
      }, {
        "name": "Denominator",
        "valueBoolean": true
      }, {
        "name": "RequiredExclusion",
        "valueBoolean": false
      }, {
        "name": "Numerator_1",
        "valueBoolean": false
      }, {
        "name": "ContinuousEnrollment",
        "valueBoolean": true
      }, {
        "name": "Numerator_3",
        "valueBoolean": false
      }, {
        "name": "Numerator_2",
        "valueBoolean": true
      }, {
        "name": "Numerator_4",
        "valueBoolean": true
      }, {
        "name": "RequiredExclusion",
        "valueBoolean": false
      }, {
        "name": "Numerator_4",
        "valueBoolean": true
      }, {
        "name": "Numerator_3",
        "valueBoolean": false
      }, {
        "name": "Numerator_2",
        "valueBoolean": true
      }, {
        "name": "Numerator_2",
        "valueBoolean": true
      }, {
        "name": "InitialPopulation",
        "valueBoolean": true
      }, {
        "name": "Numerator_1",
        "valueBoolean": false
      }, {
        "name": "RequiredExclusion",
        "valueBoolean": false
      } ]
    }
  }, {
    "resource": {
      "resourceType": "Parameters",
      "id": "706fb31d-7741-72a8-c5e7-b6966c8fbbe5.all-params",
      "parameter": [ {
        "name": "dsu_continuous_enrollment.json Module.Start Date",
        "valueString": "01/01/2024"
      }, {
        "name": "dsu.json Module.Measurement_Period_End",
        "valueString": "12/31/2024"
      }, {
        "name": "dsu.json Module.Prior_Year_Start",
        "valueString": "01/01/2022"
      }, {
        "name": "dsu.json Module.Prior_Year_End",
        "valueString": "12/31/2023"
      }, {
        "name": "dsu_denominator.json Module.InitialPopulation",
        "valueBoolean": true
      }, {
        "name": "dsu_continuous_enrollment.json Module.ContinuousEnrollment",
        "valueBoolean": true
      }, {
        "name": "dsu.json Module.InitialPopulation",
        "valueBoolean": true
      }, {
        "name": "dsu_denominator.json Module.Denominator",
        "valueBoolean": true
      }, {
        "name": "dsu_denominator.json Module.RequiredExclusion",
        "valueBoolean": false
      }, {
        "name": "dsu.json Module.RequiredExclusion",
        "valueBoolean": false
      }, {
        "name": "dsu_numerator.json Module.Numerator_2",
        "valueBoolean": true
      }, {
        "name": "dsu.json Module.ContinuousEnrollment",
        "valueBoolean": true
      }, {
        "name": "dsu_numerator.json Module.Numerator_1",
        "valueBoolean": false
      }, {
        "name": "dsu_numerator.json Module.Numerator_4",
        "valueBoolean": true
      }, {
        "name": "dsu_numerator.json Module.Numerator_3",
        "valueBoolean": false
      }, {
        "name": "dsu.json Module.Denominator",
        "valueBoolean": true
      }, {
        "name": "hospice_check.json Module.RequiredExclusion",
        "valueBoolean": false
      }, {
        "name": "dsu_numerator_check.json Module.Numerator_1",
        "valueBoolean": false
      }, {
        "name": "dsu_initial_population.json Module.ContinuousEnrollment",
        "valueBoolean": true
      }, {
        "name": "dsu_numerator_check.json Module.Numerator_3",
        "valueBoolean": false
      }, {
        "name": "dsu_numerator_check.json Module.Numerator_2",
        "valueBoolean": true
      }, {
        "name": "dsu_numerator_check.json Module.Numerator_4",
        "valueBoolean": true
      }, {
        "name": "dsu_initial_population.json Module.RequiredExclusion",
        "valueBoolean": false
      }, {
        "name": "dsu.json Module.Numerator_4",
        "valueBoolean": true
      }, {
        "name": "dsu.json Module.Numerator_3",
        "valueBoolean": false
      }, {
        "name": "dsu_numerator_2.json Module.Numerator_2",
        "valueBoolean": true
      }, {
        "name": "dsu.json Module.Numerator_2",
        "valueBoolean": true
      }, {
        "name": "dsu_initial_population.json Module.InitialPopulation",
        "valueBoolean": true
      }, {
        "name": "dsu.json Module.Numerator_1",
        "valueBoolean": false
      }, {
        "name": "hospice_required_exclusion.json Module.RequiredExclusion",
        "valueBoolean": false
      } ]
    }
  }, {
    "fullUrl": "urn:uuid:706fb31d-7741-72a8-c5e7-b6966c8fbbe5",
    "resource": {
      "resourceType": "Patient",
      "id": "706fb31d-7741-72a8-c5e7-b6966c8fbbe5",
      "meta": {
        "profile": [ "http://hl7.org/fhir/us/core/StructureDefinition/us-core-patient" ]
      },
      "text": {
        "status": "generated",
        "div": "<div xmlns=\"http://www.w3.org/1999/xhtml\">Generated by <a href=\"https://github.com/synthetichealth/synthea\">Synthea</a>.Version identifier: 79d417f\n .   Person seed: -1958490665309735072  Population seed: 1703176669956</div>"
      },
      "extension": [ {
        "url": "http://hl7.org/fhir/us/core/StructureDefinition/us-core-race",
        "extension": [ {
          "url": "ombCategory",
          "valueCoding": {
            "system": "urn:oid:2.16.840.1.113883.6.238",
            "code": "2106-3",
            "display": "White"
          }
        }, {
          "url": "text",
          "valueString": "White"
        } ]
      }, {
        "url": "http://hl7.org/fhir/us/core/StructureDefinition/us-core-ethnicity",
        "extension": [ {
          "url": "ombCategory",
          "valueCoding": {
            "system": "urn:oid:2.16.840.1.113883.6.238",
            "code": "2186-5",
            "display": "Not Hispanic or Latino"
          }
        }, {
          "url": "text",
          "valueString": "Not Hispanic or Latino"
        } ]
      }, {
        "url": "http://hl7.org/fhir/StructureDefinition/patient-mothersMaidenName",
        "valueString": "Kimberely Kihn"
      }, {
        "url": "http://hl7.org/fhir/us/core/StructureDefinition/us-core-birthsex",
        "valueCode": "M"
      }, {
        "url": "http://hl7.org/fhir/StructureDefinition/patient-birthPlace",
        "valueAddress": {
          "city": "Raynham",
          "state": "Massachusetts",
          "country": "US"
        }
      } ],
      "identifier": [ {
        "system": "https://github.com/synthetichealth/synthea",
        "value": "706fb31d-7741-72a8-c5e7-b6966c8fbbe5"
      }, {
        "type": {
          "coding": [ {
            "system": "http://terminology.hl7.org/CodeSystem/v2-0203",
            "code": "MR",
            "display": "Medical Record Number"
          } ],
          "text": "Medical Record Number"
        },
        "system": "http://hospital.smarthealthit.org",
        "value": "706fb31d-7741-72a8-c5e7-b6966c8fbbe5"
      }, {
        "type": {
          "coding": [ {
            "system": "http://terminology.hl7.org/CodeSystem/v2-0203",
            "code": "SS",
            "display": "Social Security Number"
          } ],
          "text": "Social Security Number"
        },
        "system": "http://hl7.org/fhir/sid/us-ssn",
        "value": "999-51-3031"
      } ],
      "name": [ {
        "use": "official",
        "family": "Cassin",
        "given": [ "Gale", "Troy" ]
      } ],
      "telecom": [ {
        "system": "phone",
        "value": "555-887-9166",
        "use": "home"
      } ],
      "gender": "male",
      "birthDate": "1985-08-25",
      "address": [ {
        "extension": [ {
          "url": "http://hl7.org/fhir/StructureDefinition/geolocation",
          "extension": [ {
            "url": "latitude",
            "valueDecimal": 42.62510010173704
          }, {
            "url": "longitude",
            "valueDecimal": -71.31311869345842
          } ]
        } ],
        "line": [ "950 Kuphal Gardens" ],
        "city": "Lowell",
        "state": "MA",
        "postalCode": "01852",
        "country": "US"
      } ],
      "maritalStatus": {
        "coding": [ {
          "system": "http://terminology.hl7.org/CodeSystem/v3-MaritalStatus",
          "code": "S",
          "display": "Never Married"
        } ],
        "text": "Never Married"
      },
      "multipleBirthBoolean": false,
      "communication": [ {
        "language": {
          "coding": [ {
            "system": "urn:ietf:bcp:47",
            "code": "en-US",
            "display": "English"
          } ],
          "text": "English"
        }
      } ]
    }
  }, {
    "fullUrl": "urn:uuid:5ce3b69b-4f1c-d6e6-b2a5-351be2f1ae59",
    "resource": {
      "resourceType": "Claim",
      "id": "5ce3b69b-4f1c-d6e6-b2a5-351be2f1ae59",
      "meta": {
        "tag": [ {
          "system": "https://ncqa.org/fhir/CodeSystem/synthea-state-id",
          "code": "3676e0c0-e9c9-46f9-b422-db2b5a8d9425",
          "display": "Synthea State Id that generated the resource"
        }, {
          "system": "https://ncqa.org/fhir/CodeSystem/hedis-data-source",
          "code": "administrative"
        } ]
      },
      "status": "active",
      "type": {
        "coding": [ {
          "system": "http://terminology.hl7.org/CodeSystem/claim-type",
          "code": "institutional"
        } ]
      },
      "use": "claim",
      "patient": {
        "reference": "urn:uuid:706fb31d-7741-72a8-c5e7-b6966c8fbbe5",
        "display": "Gale Cassin"
      },
      "billablePeriod": {
        "start": "2024-05-30T00:00:00+00:00",
        "end": "2024-05-30T00:15:00+00:00"
      },
      "created": "2024-05-30T00:15:00+00:00",
      "provider": {
        "reference": "Organization?identifier=https://github.com/synthetichealth/synthea|363d3504-18f8-37de-8fbb-f52a59fd61b1",
        "display": "\"HEALTHALLIANCE HOSPITALS, INC\""
      },
      "priority": {
        "coding": [ {
          "system": "http://terminology.hl7.org/CodeSystem/processpriority",
          "code": "normal"
        } ]
      },
      "diagnosis": [ {
        "sequence": 1,
        "diagnosisReference": {
          "reference": "urn:uuid:12ac7386-2ecf-b305-f35e-0d4f59b592c7",
          "display": "Opioid Abuse & Dep ICD 10 Dx Only"
        }
      } ],
      "item": [ {
        "sequence": 1,
        "diagnosisSequence": [ 1 ],
        "productOrService": {
          "coding": [ {
            "system": "https://www.cms.gov/Medicare/Coding/HCPCSReleaseCodeSets",
            "code": "T1015",
            "display": "Clinic visit/encounter, all-inclusive (T1015)"
          } ],
          "text": "Clinic visit/encounter, all-inclusive (T1015)"
        },
        "servicedPeriod": {
          "start": "2024-05-30T00:00:00+00:00",
          "end": "2024-05-30T00:15:00+00:00"
        }
      } ]
    }
  }, {
    "fullUrl": "urn:uuid:12ac7386-2ecf-b305-f35e-0d4f59b592c7",
    "resource": {
      "resourceType": "Condition",
      "id": "12ac7386-2ecf-b305-f35e-0d4f59b592c7",
      "meta": {
        "profile": [ "http://hl7.org/fhir/us/core/StructureDefinition/us-core-condition" ],
        "tag": [ {
          "system": "https://ncqa.org/fhir/CodeSystem/synthea-state-id",
          "code": "6feebda2-5941-446c-a6ef-b6786b3f1544",
          "display": "Synthea State Id that generated the resource"
        } ]
      },
      "clinicalStatus": {
        "coding": [ {
          "system": "http://terminology.hl7.org/CodeSystem/condition-clinical",
          "code": "active"
        } ]
      },
      "verificationStatus": {
        "coding": [ {
          "system": "http://terminology.hl7.org/CodeSystem/condition-ver-status",
          "code": "confirmed"
        } ]
      },
      "category": [ {
        "coding": [ {
          "system": "http://terminology.hl7.org/CodeSystem/condition-category",
          "code": "encounter-diagnosis",
          "display": "Encounter Diagnosis"
        } ]
      } ],
      "code": {
        "coding": [ {
          "system": "http://hl7.org/fhir/sid/icd-10-cm",
          "code": "F11.220",
          "display": "[F11.220] Opioid dependence with intoxication, uncomplicated"
        } ],
        "text": "[F11.220] Opioid dependence with intoxication, uncomplicated"
      },
      "subject": {
        "reference": "urn:uuid:706fb31d-7741-72a8-c5e7-b6966c8fbbe5"
      },
      "onsetDateTime": "2024-05-30T00:00:00+00:00",
      "recordedDate": "2024-05-30T00:00:00+00:00"
    }
  }, {
    "fullUrl": "urn:uuid:679ac327-a174-db45-b340-89a8a92a6aa8",
    "resource": {
      "resourceType": "Claim",
      "id": "679ac327-a174-db45-b340-89a8a92a6aa8",
      "meta": {
        "tag": [ {
          "system": "https://ncqa.org/fhir/CodeSystem/synthea-state-id",
          "code": "e2510331-2815-4c5c-ba94-e6b68a9f1160",
          "display": "Synthea State Id that generated the resource"
        }, {
          "system": "https://ncqa.org/fhir/CodeSystem/hedis-data-source",
          "code": "administrative"
        } ]
      },
      "status": "active",
      "type": {
        "coding": [ {
          "system": "http://terminology.hl7.org/CodeSystem/claim-type",
          "code": "institutional"
        } ]
      },
      "use": "claim",
      "patient": {
        "reference": "urn:uuid:706fb31d-7741-72a8-c5e7-b6966c8fbbe5",
        "display": "Gale Cassin"
      },
      "billablePeriod": {
        "start": "2024-05-30T00:00:00+00:00",
        "end": "2024-05-30T00:15:00+00:00"
      },
      "created": "2024-05-30T00:15:00+00:00",
      "provider": {
        "reference": "Organization?identifier=https://github.com/synthetichealth/synthea|363d3504-18f8-37de-8fbb-f52a59fd61b1",
        "display": "\"HEALTHALLIANCE HOSPITALS, INC\""
      },
      "priority": {
        "coding": [ {
          "system": "http://terminology.hl7.org/CodeSystem/processpriority",
          "code": "normal"
        } ]
      },
      "diagnosis": [ {
        "sequence": 1,
        "diagnosisReference": {
          "reference": "urn:uuid:e5a80de6-de57-9de7-73aa-03e0ec31667b",
          "display": "Filler ICD 10 Dx Only"
        }
      } ],
      "item": [ {
        "sequence": 1,
        "diagnosisSequence": [ 1 ],
        "productOrService": {
          "coding": [ {
            "system": "https://www.cms.gov/Medicare/Coding/HCPCSReleaseCodeSets",
            "code": "T1015",
            "display": "Clinic visit/encounter, all-inclusive (T1015)"
          } ],
          "text": "Clinic visit/encounter, all-inclusive (T1015)"
        },
        "servicedPeriod": {
          "start": "2024-05-30T00:00:00+00:00",
          "end": "2024-05-30T00:15:00+00:00"
        }
      } ]
    }
  }, {
    "fullUrl": "urn:uuid:e5a80de6-de57-9de7-73aa-03e0ec31667b",
    "resource": {
      "resourceType": "Condition",
      "id": "e5a80de6-de57-9de7-73aa-03e0ec31667b",
      "meta": {
        "profile": [ "http://hl7.org/fhir/us/core/StructureDefinition/us-core-condition" ],
        "tag": [ {
          "system": "https://ncqa.org/fhir/CodeSystem/synthea-state-id",
          "code": "1fce1fe0-8796-4179-8eb2-26ab557640d7",
          "display": "Synthea State Id that generated the resource"
        } ]
      },
      "clinicalStatus": {
        "coding": [ {
          "system": "http://terminology.hl7.org/CodeSystem/condition-clinical",
          "code": "active"
        } ]
      },
      "verificationStatus": {
        "coding": [ {
          "system": "http://terminology.hl7.org/CodeSystem/condition-ver-status",
          "code": "confirmed"
        } ]
      },
      "category": [ {
        "coding": [ {
          "system": "http://terminology.hl7.org/CodeSystem/condition-category",
          "code": "encounter-diagnosis",
          "display": "Encounter Diagnosis"
        } ]
      } ],
      "code": {
        "coding": [ {
          "system": "http://hl7.org/fhir/sid/icd-10-cm",
          "code": "O99.619",
          "display": "[O99.619] Diseases of the digestive system complicating pregnancy, unspecified trimester"
        } ],
        "text": "[O99.619] Diseases of the digestive system complicating pregnancy, unspecified trimester"
      },
      "subject": {
        "reference": "urn:uuid:706fb31d-7741-72a8-c5e7-b6966c8fbbe5"
      },
      "onsetDateTime": "2024-05-30T00:00:00+00:00",
      "recordedDate": "2024-05-30T00:00:00+00:00"
    }
  }, {
    "fullUrl": "urn:uuid:3398b8f7-e7f5-3a80-4571-94c5280cdd8d",
    "resource": {
      "resourceType": "Encounter",
      "id": "3398b8f7-e7f5-3a80-4571-94c5280cdd8d",
      "meta": {
        "profile": [ "http://hl7.org/fhir/us/core/StructureDefinition/us-core-encounter" ],
        "tag": [ {
          "system": "https://ncqa.org/fhir/CodeSystem/synthea-state-id",
          "code": "dc0a4bc7-7da2-4029-b73e-839f4f72238c",
          "display": "Synthea State Id that generated the resource"
        } ]
      },
      "identifier": [ {
        "use": "official",
        "system": "https://github.com/synthetichealth/synthea",
        "value": "3398b8f7-e7f5-3a80-4571-94c5280cdd8d"
      } ],
      "status": "finished",
      "class": {
        "system": "http://terminology.hl7.org/CodeSystem/v3-ActCode",
        "code": "AMB"
      },
      "type": [ {
        "coding": [ {
          "system": "https://www.nubc.org/CodeSystem/RevenueCodes",
          "code": "0127"
        } ]
      } ],
      "subject": {
        "reference": "urn:uuid:706fb31d-7741-72a8-c5e7-b6966c8fbbe5",
        "display": "Gale Troy Cassin"
      },
      "participant": [ {
        "type": [ {
          "coding": [ {
            "system": "http://terminology.hl7.org/CodeSystem/v3-ParticipationType",
            "code": "PPRF",
            "display": "primary performer"
          } ],
          "text": "primary performer"
        } ],
        "period": {
          "start": "2026-05-31T00:00:00+00:00",
          "end": "2026-05-31T00:15:00+00:00"
        },
        "individual": {
          "reference": "urn:uuid:5538f551-1633-35ca-a72a-a314c91a87ab",
          "display": "Dr. Daniela Hinojosa"
        }
      } ],
      "period": {
        "start": "2026-05-31T00:00:00+00:00",
        "end": "2026-05-31T00:15:00+00:00"
      },
      "location": [ {
        "location": {
          "reference": "Location?identifier=https://github.com/synthetichealth/synthea|d0e312f3-0a19-3089-af0e-db79b3aee7ab",
          "display": "\"HEALTHALLIANCE HOSPITALS, INC\""
        }
      } ],
      "serviceProvider": {
        "reference": "Organization?identifier=https://github.com/synthetichealth/synthea|363d3504-18f8-37de-8fbb-f52a59fd61b1",
        "display": "\"HEALTHALLIANCE HOSPITALS, INC\""
      }
    }
  }, {
    "fullUrl": "urn:uuid:f81a858f-80c6-4753-a111-24a6acd46c44",
    "resource": {
      "resourceType": "Procedure",
      "id": "f81a858f-80c6-4753-a111-24a6acd46c44",
      "meta": {
        "profile": [ "http://hl7.org/fhir/us/core/StructureDefinition/us-core-procedure" ],
        "tag": [ {
          "system": "https://ncqa.org/fhir/CodeSystem/synthea-state-id",
          "code": "dbc86cb1-6aaf-4a23-80c9-6a0ee22d3f50",
          "display": "Synthea State Id that generated the resource"
        } ]
      },
      "status": "completed",
      "code": {
        "coding": [ {
          "system": "http://snomed.info/sct/731000124108",
          "code": "385763009",
          "display": "Hospice care (regime/therapy)"
        } ],
        "text": "Hospice care (regime/therapy)"
      },
      "subject": {
        "reference": "urn:uuid:706fb31d-7741-72a8-c5e7-b6966c8fbbe5"
      },
      "encounter": {
        "reference": "urn:uuid:3398b8f7-e7f5-3a80-4571-94c5280cdd8d"
      },
      "performedPeriod": {
        "start": "2026-05-31T00:00:00+00:00",
        "end": "2026-05-31T00:15:00+00:00"
      },
      "location": {
        "reference": "Location?identifier=https://github.com/synthetichealth/synthea|d0e312f3-0a19-3089-af0e-db79b3aee7ab",
        "display": "\"HEALTHALLIANCE HOSPITALS, INC\""
      }
    }
  }, {
    "fullUrl": "urn:uuid:88ed0309-0f7a-86b0-76c5-1118f1e1f3ca",
    "resource": {
      "resourceType": "Coverage",
      "id": "88ed0309-0f7a-86b0-76c5-1118f1e1f3ca",
      "type": {
        "coding": [ {
          "system": "https://ncqa.org/fhir/codesystem/hedis-coverage-type",
          "code": "MCD"
        } ]
      },
      "beneficiary": {
        "reference": "urn:uuid:706fb31d-7741-72a8-c5e7-b6966c8fbbe5",
        "display": "Gale Troy Cassin"
      },
      "period": {
        "start": "2024-01-01T00:00:00+00:00",
        "end": "2024-12-31T00:00:00+00:00"
      }
    }
  }, {
    "fullUrl": "urn:uuid:33b1eb7e-618d-e8b9-2ff9-ba4242673188",
    "resource": {
      "resourceType": "Coverage",
      "id": "33b1eb7e-618d-e8b9-2ff9-ba4242673188",
      "type": {
        "coding": [ {
          "system": "http://terminology.hl7.org/CodeSystem/v3-ActCode",
          "code": "MCPOL"
        } ]
      },
      "beneficiary": {
        "reference": "urn:uuid:706fb31d-7741-72a8-c5e7-b6966c8fbbe5",
        "display": "Gale Troy Cassin"
      },
      "period": {
        "start": "2024-01-01T00:00:00+00:00",
        "end": "2024-12-31T00:00:00+00:00"
      }
    }
  }, {
    "fullUrl": "urn:uuid:null",
    "resource": {
      "resourceType": "MeasureReport",
      "status": "complete",
      "type": "individual",
      "measure": "\"http://fhir.ncqa.org/measures/hedis/aab_hedis_my2023\""
    }
  } ]
}
