{
  "resourceType": "Bundle",
  "id": "714c773c-d4bc-7c6b-67b5-5d63c6ace9cc",
  "type": "transaction",
  "entry": [ {
    "resource": {
      "resourceType": "Parameters",
      "id": "714c773c-d4bc-7c6b-67b5-5d63c6ace9cc.scorekey",
      "parameter": [ {
        "name": "InitialPopulation",
        "valueBoolean": true
      }, {
        "name": "ContinuousEnrollment",
        "valueBoolean": true
      }, {
        "name": "InitialPopulation",
        "valueBoolean": true
      }, {
        "name": "Denominator",
        "valueBoolean": false
      }, {
        "name": "RequiredExclusion",
        "valueBoolean": true
      }, {
        "name": "RequiredExclusion",
        "valueBoolean": true
      }, {
        "name": "Numerator_2",
        "valueBoolean": false
      }, {
        "name": "ContinuousEnrollment",
        "valueBoolean": true
      }, {
        "name": "Numerator_1",
        "valueBoolean": false
      }, {
        "name": "Numerator_4",
        "valueBoolean": false
      }, {
        "name": "Numerator_3",
        "valueBoolean": false
      }, {
        "name": "Denominator",
        "valueBoolean": false
      }, {
        "name": "RequiredExclusion",
        "valueBoolean": true
      }, {
        "name": "Numerator_1",
        "valueBoolean": false
      }, {
        "name": "ContinuousEnrollment",
        "valueBoolean": true
      }, {
        "name": "Numerator_3",
        "valueBoolean": false
      }, {
        "name": "Numerator_2",
        "valueBoolean": false
      }, {
        "name": "Numerator_4",
        "valueBoolean": false
      }, {
        "name": "RequiredExclusion",
        "valueBoolean": true
      }, {
        "name": "Numerator_4",
        "valueBoolean": false
      }, {
        "name": "Numerator_3",
        "valueBoolean": false
      }, {
        "name": "Numerator_2",
        "valueBoolean": false
      }, {
        "name": "InitialPopulation",
        "valueBoolean": true
      }, {
        "name": "Numerator_1",
        "valueBoolean": false
      }, {
        "name": "RequiredExclusion",
        "valueBoolean": true
      } ]
    }
  }, {
    "resource": {
      "resourceType": "Parameters",
      "id": "714c773c-d4bc-7c6b-67b5-5d63c6ace9cc.all-params",
      "parameter": [ {
        "name": "dsu_continuous_enrollment.json Module.Start Date",
        "valueString": "01/01/2024"
      }, {
        "name": "dsu_numerator_good_timeframe.json Module.Measurement_Period_End",
        "valueString": "12/31/2024"
      }, {
        "name": "dsu.json Module.Prior_Year_Start",
        "valueString": "01/01/2022"
      }, {
        "name": "dsu.json Module.Prior_Year_End",
        "valueString": "12/31/2023"
      }, {
        "name": "dsu_denominator.json Module.InitialPopulation",
        "valueBoolean": true
      }, {
        "name": "dsu_continuous_enrollment.json Module.ContinuousEnrollment",
        "valueBoolean": true
      }, {
        "name": "dsu.json Module.InitialPopulation",
        "valueBoolean": true
      }, {
        "name": "dsu_denominator.json Module.Denominator",
        "valueBoolean": false
      }, {
        "name": "dsu_denominator.json Module.RequiredExclusion",
        "valueBoolean": true
      }, {
        "name": "dsu.json Module.RequiredExclusion",
        "valueBoolean": true
      }, {
        "name": "dsu_numerator.json Module.Numerator_2",
        "valueBoolean": false
      }, {
        "name": "dsu.json Module.ContinuousEnrollment",
        "valueBoolean": true
      }, {
        "name": "dsu_numerator.json Module.Numerator_1",
        "valueBoolean": false
      }, {
        "name": "dsu_numerator.json Module.Numerator_4",
        "valueBoolean": false
      }, {
        "name": "dsu_numerator.json Module.Numerator_3",
        "valueBoolean": false
      }, {
        "name": "dsu.json Module.Denominator",
        "valueBoolean": false
      }, {
        "name": "hospice_check.json Module.RequiredExclusion",
        "valueBoolean": true
      }, {
        "name": "dsu_numerator_check.json Module.Numerator_1",
        "valueBoolean": false
      }, {
        "name": "dsu_initial_population.json Module.ContinuousEnrollment",
        "valueBoolean": true
      }, {
        "name": "dsu_numerator_check.json Module.Numerator_3",
        "valueBoolean": false
      }, {
        "name": "dsu_numerator_check.json Module.Numerator_2",
        "valueBoolean": false
      }, {
        "name": "dsu_numerator_check.json Module.Numerator_4",
        "valueBoolean": false
      }, {
        "name": "dsu_initial_population.json Module.RequiredExclusion",
        "valueBoolean": true
      }, {
        "name": "dsu.json Module.Numerator_4",
        "valueBoolean": false
      }, {
        "name": "dsu.json Module.Numerator_3",
        "valueBoolean": false
      }, {
        "name": "dsu.json Module.Numerator_2",
        "valueBoolean": false
      }, {
        "name": "dsu_initial_population.json Module.InitialPopulation",
        "valueBoolean": true
      }, {
        "name": "dsu.json Module.Numerator_1",
        "valueBoolean": false
      }, {
        "name": "hospice_required_exclusion.json Module.RequiredExclusion",
        "valueBoolean": true
      } ]
    }
  }, {
    "fullUrl": "urn:uuid:714c773c-d4bc-7c6b-67b5-5d63c6ace9cc",
    "resource": {
      "resourceType": "Patient",
      "id": "714c773c-d4bc-7c6b-67b5-5d63c6ace9cc",
      "meta": {
        "profile": [ "http://hl7.org/fhir/us/core/StructureDefinition/us-core-patient" ]
      },
      "text": {
        "status": "generated",
        "div": "<div xmlns=\"http://www.w3.org/1999/xhtml\">Generated by <a href=\"https://github.com/synthetichealth/synthea\">Synthea</a>.Version identifier: 79d417f\n .   Person seed: -3832981528832190068  Population seed: 1703176669956</div>"
      },
      "extension": [ {
        "url": "http://hl7.org/fhir/us/core/StructureDefinition/us-core-race",
        "extension": [ {
          "url": "ombCategory",
          "valueCoding": {
            "system": "urn:oid:2.16.840.1.113883.6.238",
            "code": "2106-3",
            "display": "White"
          }
        }, {
          "url": "text",
          "valueString": "White"
        } ]
      }, {
        "url": "http://hl7.org/fhir/us/core/StructureDefinition/us-core-ethnicity",
        "extension": [ {
          "url": "ombCategory",
          "valueCoding": {
            "system": "urn:oid:2.16.840.1.113883.6.238",
            "code": "2186-5",
            "display": "Not Hispanic or Latino"
          }
        }, {
          "url": "text",
          "valueString": "Not Hispanic or Latino"
        } ]
      }, {
        "url": "http://hl7.org/fhir/StructureDefinition/patient-mothersMaidenName",
        "valueString": "Belinda Okuneva"
      }, {
        "url": "http://hl7.org/fhir/us/core/StructureDefinition/us-core-birthsex",
        "valueCode": "M"
      }, {
        "url": "http://hl7.org/fhir/StructureDefinition/patient-birthPlace",
        "valueAddress": {
          "city": "Littleton",
          "state": "Massachusetts",
          "country": "US"
        }
      } ],
      "identifier": [ {
        "system": "https://github.com/synthetichealth/synthea",
        "value": "714c773c-d4bc-7c6b-67b5-5d63c6ace9cc"
      }, {
        "type": {
          "coding": [ {
            "system": "http://terminology.hl7.org/CodeSystem/v2-0203",
            "code": "MR",
            "display": "Medical Record Number"
          } ],
          "text": "Medical Record Number"
        },
        "system": "http://hospital.smarthealthit.org",
        "value": "714c773c-d4bc-7c6b-67b5-5d63c6ace9cc"
      }, {
        "type": {
          "coding": [ {
            "system": "http://terminology.hl7.org/CodeSystem/v2-0203",
            "code": "SS",
            "display": "Social Security Number"
          } ],
          "text": "Social Security Number"
        },
        "system": "http://hl7.org/fhir/sid/us-ssn",
        "value": "999-21-6770"
      } ],
      "name": [ {
        "use": "official",
        "family": "Gerlach",
        "given": [ "Lyle", "Scott" ]
      } ],
      "telecom": [ {
        "system": "phone",
        "value": "555-689-7257",
        "use": "home"
      } ],
      "gender": "male",
      "birthDate": "2005-03-03",
      "address": [ {
        "extension": [ {
          "url": "http://hl7.org/fhir/StructureDefinition/geolocation",
          "extension": [ {
            "url": "latitude",
            "valueDecimal": 42.05271060665668
          }, {
            "url": "longitude",
            "valueDecimal": -71.197944464319
          } ]
        } ],
        "line": [ "309 Lesch Forge Unit 65" ],
        "city": "Foxborough",
        "state": "MA",
        "postalCode": "02035",
        "country": "US"
      } ],
      "maritalStatus": {
        "coding": [ {
          "system": "http://terminology.hl7.org/CodeSystem/v3-MaritalStatus",
          "code": "S",
          "display": "Never Married"
        } ],
        "text": "Never Married"
      },
      "multipleBirthBoolean": false,
      "communication": [ {
        "language": {
          "coding": [ {
            "system": "urn:ietf:bcp:47",
            "code": "en-US",
            "display": "English"
          } ],
          "text": "English"
        }
      } ]
    }
  }, {
    "fullUrl": "urn:uuid:6ac31c2a-22d7-3643-a31e-64df622c58c7",
    "resource": {
      "resourceType": "Claim",
      "id": "6ac31c2a-22d7-3643-a31e-64df622c58c7",
      "meta": {
        "tag": [ {
          "system": "https://ncqa.org/fhir/CodeSystem/synthea-state-id",
          "code": "e2510331-2815-4c5c-ba94-e6b68a9f1160",
          "display": "Synthea State Id that generated the resource"
        }, {
          "system": "https://ncqa.org/fhir/CodeSystem/hedis-data-source",
          "code": "administrative"
        } ]
      },
      "status": "active",
      "type": {
        "coding": [ {
          "system": "http://terminology.hl7.org/CodeSystem/claim-type",
          "code": "institutional"
        } ]
      },
      "use": "claim",
      "patient": {
        "reference": "urn:uuid:714c773c-d4bc-7c6b-67b5-5d63c6ace9cc",
        "display": "Lyle Gerlach"
      },
      "billablePeriod": {
        "start": "2024-11-26T00:00:00+00:00",
        "end": "2024-11-26T00:15:00+00:00"
      },
      "created": "2024-11-26T00:15:00+00:00",
      "provider": {
        "reference": "Organization?identifier=https://github.com/synthetichealth/synthea|363d3504-18f8-37de-8fbb-f52a59fd61b1",
        "display": "\"HEALTHALLIANCE HOSPITALS, INC\""
      },
      "priority": {
        "coding": [ {
          "system": "http://terminology.hl7.org/CodeSystem/processpriority",
          "code": "normal"
        } ]
      },
      "diagnosis": [ {
        "sequence": 1,
        "diagnosisReference": {
          "reference": "urn:uuid:5f1138fc-3a1f-63fa-02a1-3f562800fe2a",
          "display": "Filler ICD 10 Dx Only"
        }
      } ],
      "item": [ {
        "sequence": 1,
        "diagnosisSequence": [ 1 ],
        "productOrService": {
          "coding": [ {
            "system": "http://www.ama-assn.org/go/cpt",
            "code": "99215"
          } ]
        },
        "servicedPeriod": {
          "start": "2024-11-26T00:00:00+00:00",
          "end": "2024-11-26T00:15:00+00:00"
        }
      } ]
    }
  }, {
    "fullUrl": "urn:uuid:5f1138fc-3a1f-63fa-02a1-3f562800fe2a",
    "resource": {
      "resourceType": "Condition",
      "id": "5f1138fc-3a1f-63fa-02a1-3f562800fe2a",
      "meta": {
        "profile": [ "http://hl7.org/fhir/us/core/StructureDefinition/us-core-condition" ],
        "tag": [ {
          "system": "https://ncqa.org/fhir/CodeSystem/synthea-state-id",
          "code": "1fce1fe0-8796-4179-8eb2-26ab557640d7",
          "display": "Synthea State Id that generated the resource"
        } ]
      },
      "clinicalStatus": {
        "coding": [ {
          "system": "http://terminology.hl7.org/CodeSystem/condition-clinical",
          "code": "active"
        } ]
      },
      "verificationStatus": {
        "coding": [ {
          "system": "http://terminology.hl7.org/CodeSystem/condition-ver-status",
          "code": "confirmed"
        } ]
      },
      "category": [ {
        "coding": [ {
          "system": "http://terminology.hl7.org/CodeSystem/condition-category",
          "code": "encounter-diagnosis",
          "display": "Encounter Diagnosis"
        } ]
      } ],
      "code": {
        "coding": [ {
          "system": "http://hl7.org/fhir/sid/icd-10-cm",
          "code": "O35.AXX0",
          "display": "[O35.AXX0] Maternal care for other (suspected) fetal abnormality and damage, fetal facial anomalies, not applicable or unspecified"
        } ],
        "text": "[O35.AXX0] Maternal care for other (suspected) fetal abnormality and damage, fetal facial anomalies, not applicable or unspecified"
      },
      "subject": {
        "reference": "urn:uuid:714c773c-d4bc-7c6b-67b5-5d63c6ace9cc"
      },
      "onsetDateTime": "2024-11-26T00:00:00+00:00",
      "recordedDate": "2024-11-26T00:00:00+00:00"
    }
  }, {
    "fullUrl": "urn:uuid:6320db6e-119b-6cf4-cf42-262ada85ceb5",
    "resource": {
      "resourceType": "Claim",
      "id": "6320db6e-119b-6cf4-cf42-262ada85ceb5",
      "meta": {
        "tag": [ {
          "system": "https://ncqa.org/fhir/CodeSystem/synthea-state-id",
          "code": "0e30aba5-b3a8-426d-8e8e-23bfbea7e3da",
          "display": "Synthea State Id that generated the resource"
        }, {
          "system": "https://ncqa.org/fhir/CodeSystem/hedis-data-source",
          "code": "administrative"
        } ]
      },
      "status": "active",
      "type": {
        "coding": [ {
          "system": "http://terminology.hl7.org/CodeSystem/claim-type",
          "code": "institutional"
        } ]
      },
      "use": "claim",
      "patient": {
        "reference": "urn:uuid:714c773c-d4bc-7c6b-67b5-5d63c6ace9cc",
        "display": "Lyle Gerlach"
      },
      "billablePeriod": {
        "start": "2024-07-29T00:00:00+00:00",
        "end": "2024-07-29T00:15:00+00:00"
      },
      "created": "2024-07-29T00:15:00+00:00",
      "provider": {
        "reference": "Organization?identifier=https://github.com/synthetichealth/synthea|363d3504-18f8-37de-8fbb-f52a59fd61b1",
        "display": "\"HEALTHALLIANCE HOSPITALS, INC\""
      },
      "priority": {
        "coding": [ {
          "system": "http://terminology.hl7.org/CodeSystem/processpriority",
          "code": "normal"
        } ]
      },
      "diagnosis": [ {
        "sequence": 1,
        "diagnosisReference": {
          "reference": "urn:uuid:06a1f8f5-52a1-1a60-a72a-c98d93d79a70",
          "display": "Filler ICD"
        }
      } ],
      "item": [ {
        "sequence": 1,
        "diagnosisSequence": [ 1 ],
        "productOrService": {
          "coding": [ {
            "system": "https://www.cms.gov/Medicare/Coding/HCPCSReleaseCodeSets",
            "code": "Q5004",
            "display": "Hospice care provided in skilled nursing facility (snf) (Q5004)"
          } ],
          "text": "Hospice care provided in skilled nursing facility (snf) (Q5004)"
        },
        "servicedPeriod": {
          "start": "2024-07-29T00:00:00+00:00",
          "end": "2024-07-29T00:15:00+00:00"
        }
      } ]
    }
  }, {
    "fullUrl": "urn:uuid:06a1f8f5-52a1-1a60-a72a-c98d93d79a70",
    "resource": {
      "resourceType": "Condition",
      "id": "06a1f8f5-52a1-1a60-a72a-c98d93d79a70",
      "meta": {
        "profile": [ "http://hl7.org/fhir/us/core/StructureDefinition/us-core-condition" ],
        "tag": [ {
          "system": "https://ncqa.org/fhir/CodeSystem/synthea-state-id",
          "code": "9db3a5e2-c5b4-41eb-b079-4f6d25442487",
          "display": "Synthea State Id that generated the resource"
        } ]
      },
      "clinicalStatus": {
        "coding": [ {
          "system": "http://terminology.hl7.org/CodeSystem/condition-clinical",
          "code": "active"
        } ]
      },
      "verificationStatus": {
        "coding": [ {
          "system": "http://terminology.hl7.org/CodeSystem/condition-ver-status",
          "code": "confirmed"
        } ]
      },
      "category": [ {
        "coding": [ {
          "system": "http://terminology.hl7.org/CodeSystem/condition-category",
          "code": "encounter-diagnosis",
          "display": "Encounter Diagnosis"
        } ]
      } ],
      "code": {
        "coding": [ {
          "system": "http://hl7.org/fhir/sid/icd-10-cm",
          "code": "O03.39",
          "display": "[O03.39] Incomplete spontaneous abortion with other complications"
        } ],
        "text": "[O03.39] Incomplete spontaneous abortion with other complications"
      },
      "subject": {
        "reference": "urn:uuid:714c773c-d4bc-7c6b-67b5-5d63c6ace9cc"
      },
      "onsetDateTime": "2024-07-29T00:00:00+00:00",
      "recordedDate": "2024-07-29T00:00:00+00:00"
    }
  }, {
    "fullUrl": "urn:uuid:e6033227-b54f-8bc8-3460-80769b9f37ba",
    "resource": {
      "resourceType": "Coverage",
      "id": "e6033227-b54f-8bc8-3460-80769b9f37ba",
      "type": {
        "coding": [ {
          "system": "https://ncqa.org/fhir/codesystem/hedis-coverage-type",
          "code": "POS"
        } ]
      },
      "beneficiary": {
        "reference": "urn:uuid:714c773c-d4bc-7c6b-67b5-5d63c6ace9cc",
        "display": "Lyle Scott Gerlach"
      },
      "period": {
        "start": "2024-01-01T00:00:00+00:00",
        "end": "2024-12-31T00:00:00+00:00"
      }
    }
  }, {
    "fullUrl": "urn:uuid:b30657da-1dcb-d897-7661-a5d624beea6b",
    "resource": {
      "resourceType": "Coverage",
      "id": "b30657da-1dcb-d897-7661-a5d624beea6b",
      "type": {
        "coding": [ {
          "system": "http://terminology.hl7.org/CodeSystem/v3-ActCode",
          "code": "MCPOL"
        } ]
      },
      "beneficiary": {
        "reference": "urn:uuid:714c773c-d4bc-7c6b-67b5-5d63c6ace9cc",
        "display": "Lyle Scott Gerlach"
      },
      "period": {
        "start": "2024-01-01T00:00:00+00:00",
        "end": "2024-12-31T00:00:00+00:00"
      }
    }
  }, {
    "fullUrl": "urn:uuid:null",
    "resource": {
      "resourceType": "MeasureReport",
      "status": "complete",
      "type": "individual",
      "measure": "\"http://fhir.ncqa.org/measures/hedis/aab_hedis_my2023\""
    }
  } ]
}
