{
  "resourceType": "Bundle",
  "id": "b47a4541-a251-3668-2636-11b65009b1b3",
  "type": "transaction",
  "entry": [ {
    "fullUrl": "urn:uuid:5538f551-1633-35ca-a72a-a314c91a87ab",
    "resource": {
      "resourceType": "Practitioner",
      "id": "5538f551-1633-35ca-a72a-a314c91a87ab",
      "meta": {
        "profile": [ "http://hl7.org/fhir/us/core/StructureDefinition/us-core-practitioner" ]
      },
      "identifier": [ {
        "system": "http://hl7.org/fhir/sid/us-npi",
        "value": "9999999995"
      } ],
      "active": true,
      "name": [ {
        "family": "Hinojosa",
        "given": [ "Daniela" ],
        "prefix": [ "Dr." ]
      } ],
      "telecom": [ {
        "extension": [ {
          "url": "http://hl7.org/fhir/us/core/StructureDefinition/us-core-direct",
          "valueBoolean": true
        } ],
        "system": "email",
        "value": "Daniela.Hinojosa@example.com",
        "use": "work"
      } ],
      "address": [ {
        "line": [ "60 HOSPITAL ROAD" ],
        "city": "LEOMINSTER",
        "state": "MA",
        "postalCode": "01453",
        "country": "US"
      } ],
      "gender": "female"
    },
    "request": {
      "method": "POST",
      "url": "Practitioner",
      "ifNoneExist": "identifier=http://hl7.org/fhir/sid/us-npi|9999999995"
    }
  }, {
    "fullUrl": "urn:uuid:adcbe1db-3965-4154-8d29-b2361b3af123",
    "resource": {
      "resourceType": "PractitionerRole",
      "id": "adcbe1db-3965-4154-8d29-b2361b3af123",
      "meta": {
        "profile": [ "http://hl7.org/fhir/us/core/StructureDefinition/us-core-practitionerrole" ]
      },
      "practitioner": {
        "identifier": {
          "system": "http://hl7.org/fhir/sid/us-npi",
          "value": "9999999995"
        },
        "display": "Dr. Daniela Hinojosa"
      },
      "organization": {
        "identifier": {
          "system": "https://github.com/synthetichealth/synthea",
          "value": "363d3504-18f8-37de-8fbb-f52a59fd61b1"
        },
        "display": "\"HEALTHALLIANCE HOSPITALS, INC\""
      },
      "code": [ {
        "coding": [ {
          "system": "http://nucc.org/provider-taxonomy",
          "code": "208D00000X",
          "display": "General Practice"
        } ],
        "text": "General Practice"
      } ],
      "specialty": [ {
        "coding": [ {
          "system": "http://nucc.org/provider-taxonomy",
          "code": "208D00000X",
          "display": "General Practice"
        } ],
        "text": "General Practice"
      } ],
      "location": [ {
        "identifier": {
          "system": "https://github.com/synthetichealth/synthea",
          "value": "d0e312f3-0a19-3089-af0e-db79b3aee7ab"
        },
        "display": "\"HEALTHALLIANCE HOSPITALS, INC\""
      } ],
      "telecom": [ {
        "system": "phone",
        "value": "9784662000"
      }, {
        "extension": [ {
          "url": "http://hl7.org/fhir/us/core/StructureDefinition/us-core-direct",
          "valueBoolean": true
        } ],
        "system": "email",
        "value": "Daniela.Hinojosa@example.com",
        "use": "work"
      } ]
    },
    "request": {
      "method": "POST",
      "url": "PractitionerRole"
    }
  }, {
    "fullUrl": "urn:uuid:5538f551-1633-35ca-a72a-a314c91a87ab",
    "resource": {
      "resourceType": "Practitioner",
      "id": "5538f551-1633-35ca-a72a-a314c91a87ab",
      "meta": {
        "profile": [ "http://hl7.org/fhir/us/core/StructureDefinition/us-core-practitioner" ]
      },
      "identifier": [ {
        "system": "http://hl7.org/fhir/sid/us-npi",
        "value": "9999999995"
      } ],
      "active": true,
      "name": [ {
        "family": "Hinojosa",
        "given": [ "Daniela" ],
        "prefix": [ "Dr." ]
      } ],
      "telecom": [ {
        "extension": [ {
          "url": "http://hl7.org/fhir/us/core/StructureDefinition/us-core-direct",
          "valueBoolean": true
        } ],
        "system": "email",
        "value": "Daniela.Hinojosa@example.com",
        "use": "work"
      } ],
      "address": [ {
        "line": [ "60 HOSPITAL ROAD" ],
        "city": "LEOMINSTER",
        "state": "MA",
        "postalCode": "01453",
        "country": "US"
      } ],
      "gender": "female"
    },
    "request": {
      "method": "POST",
      "url": "Practitioner",
      "ifNoneExist": "identifier=http://hl7.org/fhir/sid/us-npi|9999999995"
    }
  }, {
    "fullUrl": "urn:uuid:36fe004d-4916-7a0d-73f1-292637679519",
    "resource": {
      "resourceType": "PractitionerRole",
      "id": "36fe004d-4916-7a0d-73f1-292637679519",
      "meta": {
        "profile": [ "http://hl7.org/fhir/us/core/StructureDefinition/us-core-practitionerrole" ]
      },
      "practitioner": {
        "identifier": {
          "system": "http://hl7.org/fhir/sid/us-npi",
          "value": "9999999995"
        },
        "display": "Dr. Daniela Hinojosa"
      },
      "organization": {
        "identifier": {
          "system": "https://github.com/synthetichealth/synthea",
          "value": "363d3504-18f8-37de-8fbb-f52a59fd61b1"
        },
        "display": "\"HEALTHALLIANCE HOSPITALS, INC\""
      },
      "code": [ {
        "coding": [ {
          "system": "http://nucc.org/provider-taxonomy",
          "code": "208D00000X",
          "display": "General Practice"
        } ],
        "text": "General Practice"
      } ],
      "specialty": [ {
        "coding": [ {
          "system": "http://nucc.org/provider-taxonomy",
          "code": "208D00000X",
          "display": "General Practice"
        } ],
        "text": "General Practice"
      } ],
      "location": [ {
        "identifier": {
          "system": "https://github.com/synthetichealth/synthea",
          "value": "d0e312f3-0a19-3089-af0e-db79b3aee7ab"
        },
        "display": "\"HEALTHALLIANCE HOSPITALS, INC\""
      } ],
      "telecom": [ {
        "system": "phone",
        "value": "9784662000"
      }, {
        "extension": [ {
          "url": "http://hl7.org/fhir/us/core/StructureDefinition/us-core-direct",
          "valueBoolean": true
        } ],
        "system": "email",
        "value": "Daniela.Hinojosa@example.com",
        "use": "work"
      } ]
    },
    "request": {
      "method": "POST",
      "url": "PractitionerRole"
    }
  }, {
    "resource": {
      "resourceType": "Parameters",
      "id": "b47a4541-a251-3668-2636-11b65009b1b3.scorekey",
      "parameter": [ {
        "name": "InitialPopulation",
        "valueBoolean": false
      }, {
        "name": "Numerator_3",
        "valueBoolean": false
      }, {
        "name": "ContinuousEnrollment",
        "valueBoolean": false
      }, {
        "name": "InitialPopulation",
        "valueBoolean": false
      }, {
        "name": "Denominator",
        "valueBoolean": false
      }, {
        "name": "RequiredExclusion",
        "valueBoolean": true
      }, {
        "name": "RequiredExclusion",
        "valueBoolean": true
      }, {
        "name": "Numerator_2",
        "valueBoolean": false
      }, {
        "name": "ContinuousEnrollment",
        "valueBoolean": false
      }, {
        "name": "Numerator_1",
        "valueBoolean": false
      }, {
        "name": "Numerator_4",
        "valueBoolean": false
      }, {
        "name": "Numerator_3",
        "valueBoolean": false
      }, {
        "name": "Denominator",
        "valueBoolean": false
      }, {
        "name": "RequiredExclusion",
        "valueBoolean": true
      }, {
        "name": "Numerator_1",
        "valueBoolean": false
      }, {
        "name": "ContinuousEnrollment",
        "valueBoolean": false
      }, {
        "name": "Numerator_3",
        "valueBoolean": false
      }, {
        "name": "Numerator_2",
        "valueBoolean": false
      }, {
        "name": "Numerator_4",
        "valueBoolean": false
      }, {
        "name": "RequiredExclusion",
        "valueBoolean": true
      }, {
        "name": "Numerator_4",
        "valueBoolean": false
      }, {
        "name": "Numerator_3",
        "valueBoolean": false
      }, {
        "name": "InitialPopulation",
        "valueBoolean": false
      }, {
        "name": "Numerator_2",
        "valueBoolean": false
      }, {
        "name": "Numerator_1",
        "valueBoolean": false
      }, {
        "name": "RequiredExclusion",
        "valueBoolean": true
      } ]
    }
  }, {
    "resource": {
      "resourceType": "Parameters",
      "id": "b47a4541-a251-3668-2636-11b65009b1b3.all-params",
      "parameter": [ {
        "name": "dsu_continuous_enrollment.json Module.Start Date",
        "valueString": "01/01/2024"
      }, {
        "name": "dsu_numerator_bad_timeframe.json Module.Measurement_Period_End",
        "valueString": "12/31/2024"
      }, {
        "name": "dsu.json Module.Prior_Year_Start",
        "valueString": "01/01/2022"
      }, {
        "name": "dsu.json Module.Prior_Year_End",
        "valueString": "12/31/2023"
      }, {
        "name": "dsu_denominator.json Module.InitialPopulation",
        "valueBoolean": false
      }, {
        "name": "dsu_numerator_3.json Module.Numerator_3",
        "valueBoolean": false
      }, {
        "name": "dsu_continuous_enrollment.json Module.ContinuousEnrollment",
        "valueBoolean": false
      }, {
        "name": "dsu.json Module.InitialPopulation",
        "valueBoolean": false
      }, {
        "name": "dsu_denominator.json Module.Denominator",
        "valueBoolean": false
      }, {
        "name": "dsu.json Module.RequiredExclusion",
        "valueBoolean": true
      }, {
        "name": "dsu_denominator.json Module.RequiredExclusion",
        "valueBoolean": true
      }, {
        "name": "dsu_numerator.json Module.Numerator_2",
        "valueBoolean": false
      }, {
        "name": "dsu.json Module.ContinuousEnrollment",
        "valueBoolean": false
      }, {
        "name": "dsu_numerator.json Module.Numerator_1",
        "valueBoolean": false
      }, {
        "name": "dsu_numerator.json Module.Numerator_4",
        "valueBoolean": false
      }, {
        "name": "dsu_numerator.json Module.Numerator_3",
        "valueBoolean": false
      }, {
        "name": "dsu.json Module.Denominator",
        "valueBoolean": false
      }, {
        "name": "hospice_check.json Module.RequiredExclusion",
        "valueBoolean": true
      }, {
        "name": "dsu_numerator_check.json Module.Numerator_1",
        "valueBoolean": false
      }, {
        "name": "dsu_initial_population.json Module.ContinuousEnrollment",
        "valueBoolean": false
      }, {
        "name": "dsu_numerator_check.json Module.Numerator_3",
        "valueBoolean": false
      }, {
        "name": "dsu_numerator_check.json Module.Numerator_2",
        "valueBoolean": false
      }, {
        "name": "dsu_numerator_check.json Module.Numerator_4",
        "valueBoolean": false
      }, {
        "name": "dsu_initial_population.json Module.RequiredExclusion",
        "valueBoolean": true
      }, {
        "name": "dsu.json Module.Numerator_4",
        "valueBoolean": false
      }, {
        "name": "dsu.json Module.Numerator_3",
        "valueBoolean": false
      }, {
        "name": "dsu_initial_population.json Module.InitialPopulation",
        "valueBoolean": false
      }, {
        "name": "dsu.json Module.Numerator_2",
        "valueBoolean": false
      }, {
        "name": "dsu.json Module.Numerator_1",
        "valueBoolean": false
      }, {
        "name": "hospice_required_exclusion.json Module.RequiredExclusion",
        "valueBoolean": true
      } ]
    }
  }, {
    "fullUrl": "urn:uuid:b47a4541-a251-3668-2636-11b65009b1b3",
    "resource": {
      "resourceType": "Patient",
      "id": "b47a4541-a251-3668-2636-11b65009b1b3",
      "meta": {
        "profile": [ "http://hl7.org/fhir/us/core/StructureDefinition/us-core-patient" ]
      },
      "text": {
        "status": "generated",
        "div": "<div xmlns=\"http://www.w3.org/1999/xhtml\">Generated by <a href=\"https://github.com/synthetichealth/synthea\">Synthea</a>.Version identifier: 79d417f\n .   Person seed: 8583647175982978455  Population seed: 1703176669956</div>"
      },
      "extension": [ {
        "url": "http://hl7.org/fhir/us/core/StructureDefinition/us-core-race",
        "extension": [ {
          "url": "ombCategory",
          "valueCoding": {
            "system": "urn:oid:2.16.840.1.113883.6.238",
            "code": "2106-3",
            "display": "White"
          }
        }, {
          "url": "text",
          "valueString": "White"
        } ]
      }, {
        "url": "http://hl7.org/fhir/us/core/StructureDefinition/us-core-ethnicity",
        "extension": [ {
          "url": "ombCategory",
          "valueCoding": {
            "system": "urn:oid:2.16.840.1.113883.6.238",
            "code": "2135-2",
            "display": "Hispanic or Latino"
          }
        }, {
          "url": "text",
          "valueString": "Hispanic or Latino"
        } ]
      }, {
        "url": "http://hl7.org/fhir/StructureDefinition/patient-mothersMaidenName",
        "valueString": "Norman Goyette"
      }, {
        "url": "http://hl7.org/fhir/us/core/StructureDefinition/us-core-birthsex",
        "valueCode": "M"
      }, {
        "url": "http://hl7.org/fhir/StructureDefinition/patient-birthPlace",
        "valueAddress": {
          "city": "Everett",
          "state": "Massachusetts",
          "country": "US"
        }
      } ],
      "identifier": [ {
        "system": "https://github.com/synthetichealth/synthea",
        "value": "b47a4541-a251-3668-2636-11b65009b1b3"
      }, {
        "type": {
          "coding": [ {
            "system": "http://terminology.hl7.org/CodeSystem/v2-0203",
            "code": "MR",
            "display": "Medical Record Number"
          } ],
          "text": "Medical Record Number"
        },
        "system": "http://hospital.smarthealthit.org",
        "value": "b47a4541-a251-3668-2636-11b65009b1b3"
      }, {
        "type": {
          "coding": [ {
            "system": "http://terminology.hl7.org/CodeSystem/v2-0203",
            "code": "SS",
            "display": "Social Security Number"
          } ],
          "text": "Social Security Number"
        },
        "system": "http://hl7.org/fhir/sid/us-ssn",
        "value": "999-56-7930"
      } ],
      "name": [ {
        "use": "official",
        "family": "Kilback",
        "given": [ "Jerrell", "Giuseppe" ]
      } ],
      "telecom": [ {
        "system": "phone",
        "value": "555-565-8404",
        "use": "home"
      } ],
      "gender": "male",
      "birthDate": "2002-10-09",
      "address": [ {
        "extension": [ {
          "url": "http://hl7.org/fhir/StructureDefinition/geolocation",
          "extension": [ {
            "url": "latitude",
            "valueDecimal": 42.77529372189609
          }, {
            "url": "longitude",
            "valueDecimal": -71.07220735022649
          } ]
        } ],
        "line": [ "404 Schuster Brook" ],
        "city": "Haverhill",
        "state": "MA",
        "country": "US"
      } ],
      "maritalStatus": {
        "coding": [ {
          "system": "http://terminology.hl7.org/CodeSystem/v3-MaritalStatus",
          "code": "S",
          "display": "Never Married"
        } ],
        "text": "Never Married"
      },
      "multipleBirthBoolean": false,
      "communication": [ {
        "language": {
          "coding": [ {
            "system": "urn:ietf:bcp:47",
            "code": "en-US",
            "display": "English"
          } ],
          "text": "English"
        }
      } ]
    }
  }, {
    "fullUrl": "urn:uuid:226fae1b-85b3-a493-0429-7fb71ed6b0c6",
    "resource": {
      "resourceType": "Encounter",
      "id": "226fae1b-85b3-a493-0429-7fb71ed6b0c6",
      "meta": {
        "profile": [ "http://hl7.org/fhir/us/core/StructureDefinition/us-core-encounter" ],
        "tag": [ {
          "system": "https://ncqa.org/fhir/CodeSystem/synthea-state-id",
          "code": "e3601090-272e-4937-b51e-d931c8466357",
          "display": "Synthea State Id that generated the resource"
        } ]
      },
      "identifier": [ {
        "use": "official",
        "system": "https://github.com/synthetichealth/synthea",
        "value": "226fae1b-85b3-a493-0429-7fb71ed6b0c6"
      } ],
      "status": "finished",
      "class": {
        "system": "http://terminology.hl7.org/CodeSystem/v3-ActCode",
        "code": "AMB"
      },
      "type": [ {
        "coding": [ {
          "system": "http://www.ama-assn.org/go/cpt",
          "code": "99403"
        } ]
      } ],
      "subject": {
        "reference": "urn:uuid:b47a4541-a251-3668-2636-11b65009b1b3",
        "display": "Jerrell Giuseppe Kilback"
      },
      "participant": [ {
        "type": [ {
          "coding": [ {
            "system": "http://terminology.hl7.org/CodeSystem/v3-ParticipationType",
            "code": "PPRF",
            "display": "primary performer"
          } ],
          "text": "primary performer"
        } ],
        "period": {
          "start": "2026-01-31T00:00:00+00:00",
          "end": "2026-01-31T00:15:00+00:00"
        },
        "individual": {
          "reference": "urn:uuid:5538f551-1633-35ca-a72a-a314c91a87ab",
          "display": "Dr. Daniela Hinojosa"
        }
      } ],
      "period": {
        "start": "2026-01-31T00:00:00+00:00",
        "end": "2026-01-31T00:15:00+00:00"
      },
      "location": [ {
        "location": {
          "reference": "Location?identifier=https://github.com/synthetichealth/synthea|d0e312f3-0a19-3089-af0e-db79b3aee7ab",
          "display": "\"HEALTHALLIANCE HOSPITALS, INC\""
        }
      } ],
      "serviceProvider": {
        "reference": "Organization?identifier=https://github.com/synthetichealth/synthea|363d3504-18f8-37de-8fbb-f52a59fd61b1",
        "display": "\"HEALTHALLIANCE HOSPITALS, INC\""
      }
    }
  }, {
    "fullUrl": "urn:uuid:d6c50c65-ef73-0457-b759-648cb800f47a",
    "resource": {
      "resourceType": "Condition",
      "id": "d6c50c65-ef73-0457-b759-648cb800f47a",
      "meta": {
        "profile": [ "http://hl7.org/fhir/us/core/StructureDefinition/us-core-condition" ],
        "tag": [ {
          "system": "https://ncqa.org/fhir/CodeSystem/synthea-state-id",
          "code": "13d38ef1-1eef-41fb-a4b8-edfd210ef545",
          "display": "Synthea State Id that generated the resource"
        } ]
      },
      "clinicalStatus": {
        "coding": [ {
          "system": "http://terminology.hl7.org/CodeSystem/condition-clinical",
          "code": "active"
        } ]
      },
      "verificationStatus": {
        "coding": [ {
          "system": "http://terminology.hl7.org/CodeSystem/condition-ver-status",
          "code": "confirmed"
        } ]
      },
      "category": [ {
        "coding": [ {
          "system": "http://terminology.hl7.org/CodeSystem/condition-category",
          "code": "encounter-diagnosis",
          "display": "Encounter Diagnosis"
        } ]
      } ],
      "code": {
        "coding": [ {
          "system": "http://hl7.org/fhir/sid/icd-10-cm",
          "code": "F14.159",
          "display": "[F14.159] Cocaine abuse with cocaine-induced psychotic disorder, unspecified"
        } ],
        "text": "[F14.159] Cocaine abuse with cocaine-induced psychotic disorder, unspecified"
      },
      "subject": {
        "reference": "urn:uuid:b47a4541-a251-3668-2636-11b65009b1b3"
      },
      "encounter": {
        "reference": "urn:uuid:226fae1b-85b3-a493-0429-7fb71ed6b0c6"
      },
      "onsetDateTime": "2026-01-31T00:00:00+00:00",
      "recordedDate": "2026-01-31T00:00:00+00:00"
    }
  }, {
    "fullUrl": "urn:uuid:1a0627b6-5a87-bcac-cbea-68f0304dc691",
    "resource": {
      "resourceType": "Encounter",
      "id": "1a0627b6-5a87-bcac-cbea-68f0304dc691",
      "meta": {
        "profile": [ "http://hl7.org/fhir/us/core/StructureDefinition/us-core-encounter" ],
        "tag": [ {
          "system": "https://ncqa.org/fhir/CodeSystem/synthea-state-id",
          "code": "dc0a4bc7-7da2-4029-b73e-839f4f72238c",
          "display": "Synthea State Id that generated the resource"
        } ]
      },
      "identifier": [ {
        "use": "official",
        "system": "https://github.com/synthetichealth/synthea",
        "value": "1a0627b6-5a87-bcac-cbea-68f0304dc691"
      } ],
      "status": "finished",
      "class": {
        "system": "http://terminology.hl7.org/CodeSystem/v3-ActCode",
        "code": "AMB"
      },
      "type": [ {
        "coding": [ {
          "system": "https://www.nubc.org/CodeSystem/RevenueCodes",
          "code": "0212"
        } ]
      } ],
      "subject": {
        "reference": "urn:uuid:b47a4541-a251-3668-2636-11b65009b1b3",
        "display": "Jerrell Giuseppe Kilback"
      },
      "participant": [ {
        "type": [ {
          "coding": [ {
            "system": "http://terminology.hl7.org/CodeSystem/v3-ParticipationType",
            "code": "PPRF",
            "display": "primary performer"
          } ],
          "text": "primary performer"
        } ],
        "period": {
          "start": "2024-07-29T00:00:00+00:00",
          "end": "2024-07-29T00:15:00+00:00"
        },
        "individual": {
          "reference": "urn:uuid:5538f551-1633-35ca-a72a-a314c91a87ab",
          "display": "Dr. Daniela Hinojosa"
        }
      } ],
      "period": {
        "start": "2024-07-29T00:00:00+00:00",
        "end": "2024-07-29T00:15:00+00:00"
      },
      "location": [ {
        "location": {
          "reference": "Location?identifier=https://github.com/synthetichealth/synthea|d0e312f3-0a19-3089-af0e-db79b3aee7ab",
          "display": "\"HEALTHALLIANCE HOSPITALS, INC\""
        }
      } ],
      "serviceProvider": {
        "reference": "Organization?identifier=https://github.com/synthetichealth/synthea|363d3504-18f8-37de-8fbb-f52a59fd61b1",
        "display": "\"HEALTHALLIANCE HOSPITALS, INC\""
      }
    }
  }, {
    "fullUrl": "urn:uuid:f6902b42-e89c-42a6-bc2f-94188a5df5d0",
    "resource": {
      "resourceType": "Procedure",
      "id": "f6902b42-e89c-42a6-bc2f-94188a5df5d0",
      "meta": {
        "profile": [ "http://hl7.org/fhir/us/core/StructureDefinition/us-core-procedure" ],
        "tag": [ {
          "system": "https://ncqa.org/fhir/CodeSystem/synthea-state-id",
          "code": "dbc86cb1-6aaf-4a23-80c9-6a0ee22d3f50",
          "display": "Synthea State Id that generated the resource"
        } ]
      },
      "status": "completed",
      "code": {
        "coding": [ {
          "system": "http://snomed.info/sct/731000124108",
          "code": "385763009",
          "display": "Hospice care (regime/therapy)"
        } ],
        "text": "Hospice care (regime/therapy)"
      },
      "subject": {
        "reference": "urn:uuid:b47a4541-a251-3668-2636-11b65009b1b3"
      },
      "encounter": {
        "reference": "urn:uuid:1a0627b6-5a87-bcac-cbea-68f0304dc691"
      },
      "performedPeriod": {
        "start": "2024-07-29T00:00:00+00:00",
        "end": "2024-07-29T00:15:00+00:00"
      },
      "location": {
        "reference": "Location?identifier=https://github.com/synthetichealth/synthea|d0e312f3-0a19-3089-af0e-db79b3aee7ab",
        "display": "\"HEALTHALLIANCE HOSPITALS, INC\""
      }
    }
  }, {
    "fullUrl": "urn:uuid:5e0f2f56-3bb4-6630-a757-a746b58d1b23",
    "resource": {
      "resourceType": "Coverage",
      "id": "5e0f2f56-3bb4-6630-a757-a746b58d1b23",
      "type": {
        "coding": [ {
          "system": "https://ncqa.org/fhir/codesystem/hedis-coverage-type",
          "code": "CEP"
        } ]
      },
      "beneficiary": {
        "reference": "urn:uuid:b47a4541-a251-3668-2636-11b65009b1b3",
        "display": "Jerrell Giuseppe Kilback"
      },
      "period": {
        "start": "2024-01-01T00:00:00+00:00",
        "end": "2024-06-29T00:00:00+00:00"
      }
    }
  }, {
    "fullUrl": "urn:uuid:c9c31309-1f26-5f5c-f5f9-46c6a713cfd3",
    "resource": {
      "resourceType": "Coverage",
      "id": "c9c31309-1f26-5f5c-f5f9-46c6a713cfd3",
      "type": {
        "coding": [ {
          "system": "http://terminology.hl7.org/CodeSystem/v3-ActCode",
          "code": "MCPOL"
        } ]
      },
      "beneficiary": {
        "reference": "urn:uuid:b47a4541-a251-3668-2636-11b65009b1b3",
        "display": "Jerrell Giuseppe Kilback"
      },
      "period": {
        "start": "2024-01-01T00:00:00+00:00",
        "end": "2024-06-29T00:00:00+00:00"
      }
    }
  }, {
    "fullUrl": "urn:uuid:02896954-1115-283f-1ac3-a1b1d3adcc52",
    "resource": {
      "resourceType": "Coverage",
      "id": "02896954-1115-283f-1ac3-a1b1d3adcc52",
      "type": {
        "coding": [ {
          "system": "https://ncqa.org/fhir/codesystem/hedis-coverage-type",
          "code": "MCD"
        } ]
      },
      "beneficiary": {
        "reference": "urn:uuid:b47a4541-a251-3668-2636-11b65009b1b3",
        "display": "Jerrell Giuseppe Kilback"
      },
      "period": {
        "start": "2024-07-08T00:00:00+00:00",
        "end": "2024-12-31T00:00:00+00:00"
      }
    }
  }, {
    "fullUrl": "urn:uuid:490470b7-1234-40fd-33b8-ee37dc539d09",
    "resource": {
      "resourceType": "Coverage",
      "id": "490470b7-1234-40fd-33b8-ee37dc539d09",
      "type": {
        "coding": [ {
          "system": "http://terminology.hl7.org/CodeSystem/v3-ActCode",
          "code": "MCPOL"
        } ]
      },
      "beneficiary": {
        "reference": "urn:uuid:b47a4541-a251-3668-2636-11b65009b1b3",
        "display": "Jerrell Giuseppe Kilback"
      },
      "period": {
        "start": "2024-07-08T00:00:00+00:00",
        "end": "2024-12-31T00:00:00+00:00"
      }
    }
  }, {
    "fullUrl": "urn:uuid:null",
    "resource": {
      "resourceType": "MeasureReport",
      "status": "complete",
      "type": "individual",
      "measure": "\"http://fhir.ncqa.org/measures/hedis/aab_hedis_my2023\""
    }
  } ]
}
