{
  "resourceType": "Bundle",
  "id": "b4b4b23b-31cd-b8c0-4d69-1e2e73526da7",
  "type": "transaction",
  "entry": [ {
    "resource": {
      "resourceType": "Parameters",
      "id": "b4b4b23b-31cd-b8c0-4d69-1e2e73526da7.scorekey",
      "parameter": [ {
        "name": "InitialPopulation",
        "valueBoolean": false
      }, {
        "name": "ContinuousEnrollment",
        "valueBoolean": false
      }, {
        "name": "InitialPopulation",
        "valueBoolean": false
      }, {
        "name": "Denominator",
        "valueBoolean": false
      }, {
        "name": "RequiredExclusion",
        "valueBoolean": true
      }, {
        "name": "RequiredExclusion",
        "valueBoolean": true
      }, {
        "name": "Numerator_2",
        "valueBoolean": false
      }, {
        "name": "ContinuousEnrollment",
        "valueBoolean": false
      }, {
        "name": "Numerator_1",
        "valueBoolean": false
      }, {
        "name": "Numerator_4",
        "valueBoolean": false
      }, {
        "name": "Numerator_3",
        "valueBoolean": false
      }, {
        "name": "Numerator_1",
        "valueBoolean": false
      }, {
        "name": "Denominator",
        "valueBoolean": false
      }, {
        "name": "RequiredExclusion",
        "valueBoolean": true
      }, {
        "name": "Numerator_1",
        "valueBoolean": false
      }, {
        "name": "ContinuousEnrollment",
        "valueBoolean": false
      }, {
        "name": "Numerator_3",
        "valueBoolean": false
      }, {
        "name": "Numerator_2",
        "valueBoolean": false
      }, {
        "name": "Numerator_4",
        "valueBoolean": false
      }, {
        "name": "RequiredExclusion",
        "valueBoolean": true
      }, {
        "name": "Numerator_4",
        "valueBoolean": false
      }, {
        "name": "Numerator_3",
        "valueBoolean": false
      }, {
        "name": "InitialPopulation",
        "valueBoolean": false
      }, {
        "name": "Numerator_2",
        "valueBoolean": false
      }, {
        "name": "Numerator_1",
        "valueBoolean": false
      }, {
        "name": "RequiredExclusion",
        "valueBoolean": true
      } ]
    }
  }, {
    "resource": {
      "resourceType": "Parameters",
      "id": "b4b4b23b-31cd-b8c0-4d69-1e2e73526da7.all-params",
      "parameter": [ {
        "name": "dsu_continuous_enrollment.json Module.Start Date",
        "valueString": "01/01/2024"
      }, {
        "name": "dsu_numerator_bad_timeframe.json Module.Measurement_Period_End",
        "valueString": "12/31/2024"
      }, {
        "name": "dsu.json Module.Prior_Year_Start",
        "valueString": "01/01/2022"
      }, {
        "name": "dsu.json Module.Prior_Year_End",
        "valueString": "12/31/2023"
      }, {
        "name": "dsu_denominator.json Module.InitialPopulation",
        "valueBoolean": false
      }, {
        "name": "dsu_continuous_enrollment.json Module.ContinuousEnrollment",
        "valueBoolean": false
      }, {
        "name": "dsu.json Module.InitialPopulation",
        "valueBoolean": false
      }, {
        "name": "dsu_denominator.json Module.Denominator",
        "valueBoolean": false
      }, {
        "name": "dsu.json Module.RequiredExclusion",
        "valueBoolean": true
      }, {
        "name": "dsu_denominator.json Module.RequiredExclusion",
        "valueBoolean": true
      }, {
        "name": "dsu_numerator.json Module.Numerator_2",
        "valueBoolean": false
      }, {
        "name": "dsu.json Module.ContinuousEnrollment",
        "valueBoolean": false
      }, {
        "name": "dsu_numerator.json Module.Numerator_1",
        "valueBoolean": false
      }, {
        "name": "dsu_numerator.json Module.Numerator_4",
        "valueBoolean": false
      }, {
        "name": "dsu_numerator.json Module.Numerator_3",
        "valueBoolean": false
      }, {
        "name": "dsu_numerator_1.json Module.Numerator_1",
        "valueBoolean": false
      }, {
        "name": "dsu.json Module.Denominator",
        "valueBoolean": false
      }, {
        "name": "hospice_check.json Module.RequiredExclusion",
        "valueBoolean": true
      }, {
        "name": "dsu_numerator_check.json Module.Numerator_1",
        "valueBoolean": false
      }, {
        "name": "dsu_initial_population.json Module.ContinuousEnrollment",
        "valueBoolean": false
      }, {
        "name": "dsu_numerator_check.json Module.Numerator_3",
        "valueBoolean": false
      }, {
        "name": "dsu_numerator_check.json Module.Numerator_2",
        "valueBoolean": false
      }, {
        "name": "dsu_numerator_check.json Module.Numerator_4",
        "valueBoolean": false
      }, {
        "name": "dsu_initial_population.json Module.RequiredExclusion",
        "valueBoolean": true
      }, {
        "name": "dsu.json Module.Numerator_4",
        "valueBoolean": false
      }, {
        "name": "dsu.json Module.Numerator_3",
        "valueBoolean": false
      }, {
        "name": "dsu_initial_population.json Module.InitialPopulation",
        "valueBoolean": false
      }, {
        "name": "dsu.json Module.Numerator_2",
        "valueBoolean": false
      }, {
        "name": "dsu.json Module.Numerator_1",
        "valueBoolean": false
      }, {
        "name": "hospice_required_exclusion.json Module.RequiredExclusion",
        "valueBoolean": true
      } ]
    }
  }, {
    "fullUrl": "urn:uuid:b4b4b23b-31cd-b8c0-4d69-1e2e73526da7",
    "resource": {
      "resourceType": "Patient",
      "id": "b4b4b23b-31cd-b8c0-4d69-1e2e73526da7",
      "meta": {
        "profile": [ "http://hl7.org/fhir/us/core/StructureDefinition/us-core-patient" ]
      },
      "text": {
        "status": "generated",
        "div": "<div xmlns=\"http://www.w3.org/1999/xhtml\">Generated by <a href=\"https://github.com/synthetichealth/synthea\">Synthea</a>.Version identifier: 79d417f\n .   Person seed: 1873057503831897944  Population seed: 1703176669956</div>"
      },
      "extension": [ {
        "url": "http://hl7.org/fhir/us/core/StructureDefinition/us-core-race",
        "extension": [ {
          "url": "ombCategory",
          "valueCoding": {
            "system": "urn:oid:2.16.840.1.113883.6.238",
            "code": "2106-3",
            "display": "White"
          }
        }, {
          "url": "text",
          "valueString": "White"
        } ]
      }, {
        "url": "http://hl7.org/fhir/us/core/StructureDefinition/us-core-ethnicity",
        "extension": [ {
          "url": "ombCategory",
          "valueCoding": {
            "system": "urn:oid:2.16.840.1.113883.6.238",
            "code": "2186-5",
            "display": "Not Hispanic or Latino"
          }
        }, {
          "url": "text",
          "valueString": "Not Hispanic or Latino"
        } ]
      }, {
        "url": "http://hl7.org/fhir/StructureDefinition/patient-mothersMaidenName",
        "valueString": "Floy Stamm"
      }, {
        "url": "http://hl7.org/fhir/us/core/StructureDefinition/us-core-birthsex",
        "valueCode": "M"
      }, {
        "url": "http://hl7.org/fhir/StructureDefinition/patient-birthPlace",
        "valueAddress": {
          "city": "Chelsea",
          "state": "Massachusetts",
          "country": "US"
        }
      } ],
      "identifier": [ {
        "system": "https://github.com/synthetichealth/synthea",
        "value": "b4b4b23b-31cd-b8c0-4d69-1e2e73526da7"
      }, {
        "type": {
          "coding": [ {
            "system": "http://terminology.hl7.org/CodeSystem/v2-0203",
            "code": "MR",
            "display": "Medical Record Number"
          } ],
          "text": "Medical Record Number"
        },
        "system": "http://hospital.smarthealthit.org",
        "value": "b4b4b23b-31cd-b8c0-4d69-1e2e73526da7"
      }, {
        "type": {
          "coding": [ {
            "system": "http://terminology.hl7.org/CodeSystem/v2-0203",
            "code": "SS",
            "display": "Social Security Number"
          } ],
          "text": "Social Security Number"
        },
        "system": "http://hl7.org/fhir/sid/us-ssn",
        "value": "999-59-7873"
      } ],
      "name": [ {
        "use": "official",
        "family": "McDermott",
        "given": [ "Dwain", "Cliff" ]
      } ],
      "telecom": [ {
        "system": "phone",
        "value": "555-720-7838",
        "use": "home"
      } ],
      "gender": "male",
      "birthDate": "2009-03-18",
      "address": [ {
        "extension": [ {
          "url": "http://hl7.org/fhir/StructureDefinition/geolocation",
          "extension": [ {
            "url": "latitude",
            "valueDecimal": 41.7988893587353
          }, {
            "url": "longitude",
            "valueDecimal": -70.56489321947792
          } ]
        } ],
        "line": [ "485 Crooks Rapid Apt 24" ],
        "city": "Bourne",
        "state": "MA",
        "postalCode": "02532",
        "country": "US"
      } ],
      "maritalStatus": {
        "coding": [ {
          "system": "http://terminology.hl7.org/CodeSystem/v3-MaritalStatus",
          "code": "S",
          "display": "Never Married"
        } ],
        "text": "Never Married"
      },
      "multipleBirthBoolean": false,
      "communication": [ {
        "language": {
          "coding": [ {
            "system": "urn:ietf:bcp:47",
            "code": "en-US",
            "display": "English"
          } ],
          "text": "English"
        }
      } ]
    }
  }, {
    "fullUrl": "urn:uuid:a45ec191-4f23-6010-fd05-aa542e99e02d",
    "resource": {
      "resourceType": "Claim",
      "id": "a45ec191-4f23-6010-fd05-aa542e99e02d",
      "meta": {
        "tag": [ {
          "system": "https://ncqa.org/fhir/CodeSystem/synthea-state-id",
          "code": "89b9747f-534f-4b1d-841f-5b6458ed6923",
          "display": "Synthea State Id that generated the resource"
        }, {
          "system": "https://ncqa.org/fhir/CodeSystem/hedis-data-source",
          "code": "administrative"
        } ]
      },
      "status": "active",
      "type": {
        "coding": [ {
          "system": "http://terminology.hl7.org/CodeSystem/claim-type",
          "code": "institutional"
        } ]
      },
      "use": "claim",
      "patient": {
        "reference": "urn:uuid:b4b4b23b-31cd-b8c0-4d69-1e2e73526da7",
        "display": "Dwain McDermott"
      },
      "billablePeriod": {
        "start": "2027-11-22T00:00:00+00:00",
        "end": "2027-11-22T00:15:00+00:00"
      },
      "created": "2027-11-22T00:15:00+00:00",
      "provider": {
        "reference": "Organization?identifier=https://github.com/synthetichealth/synthea|363d3504-18f8-37de-8fbb-f52a59fd61b1",
        "display": "\"HEALTHALLIANCE HOSPITALS, INC\""
      },
      "priority": {
        "coding": [ {
          "system": "http://terminology.hl7.org/CodeSystem/processpriority",
          "code": "normal"
        } ]
      },
      "diagnosis": [ {
        "sequence": 1,
        "diagnosisReference": {
          "reference": "urn:uuid:3b2f013f-eb83-0ef1-75e8-724ea5eb7854",
          "display": "Alc Abuse & Dep ICD 10 Dx Only"
        }
      } ],
      "item": [ {
        "sequence": 1,
        "diagnosisSequence": [ 1 ],
        "productOrService": {
          "coding": [ {
            "system": "http://www.ama-assn.org/go/cpt",
            "code": "99394"
          } ]
        },
        "servicedPeriod": {
          "start": "2027-11-22T00:00:00+00:00",
          "end": "2027-11-22T00:15:00+00:00"
        }
      } ]
    }
  }, {
    "fullUrl": "urn:uuid:3b2f013f-eb83-0ef1-75e8-724ea5eb7854",
    "resource": {
      "resourceType": "Condition",
      "id": "3b2f013f-eb83-0ef1-75e8-724ea5eb7854",
      "meta": {
        "profile": [ "http://hl7.org/fhir/us/core/StructureDefinition/us-core-condition" ],
        "tag": [ {
          "system": "https://ncqa.org/fhir/CodeSystem/synthea-state-id",
          "code": "5bf04be2-2279-4903-b5c9-3ba84216a47f",
          "display": "Synthea State Id that generated the resource"
        } ]
      },
      "clinicalStatus": {
        "coding": [ {
          "system": "http://terminology.hl7.org/CodeSystem/condition-clinical",
          "code": "active"
        } ]
      },
      "verificationStatus": {
        "coding": [ {
          "system": "http://terminology.hl7.org/CodeSystem/condition-ver-status",
          "code": "confirmed"
        } ]
      },
      "category": [ {
        "coding": [ {
          "system": "http://terminology.hl7.org/CodeSystem/condition-category",
          "code": "encounter-diagnosis",
          "display": "Encounter Diagnosis"
        } ]
      } ],
      "code": {
        "coding": [ {
          "system": "http://hl7.org/fhir/sid/icd-10-cm",
          "code": "F10.26",
          "display": "[F10.26] Alcohol dependence with alcohol-induced persisting amnestic disorder"
        } ],
        "text": "[F10.26] Alcohol dependence with alcohol-induced persisting amnestic disorder"
      },
      "subject": {
        "reference": "urn:uuid:b4b4b23b-31cd-b8c0-4d69-1e2e73526da7"
      },
      "onsetDateTime": "2027-11-22T00:00:00+00:00",
      "recordedDate": "2027-11-22T00:00:00+00:00"
    }
  }, {
    "fullUrl": "urn:uuid:438f9518-90e6-8d3e-2381-1f1142caa5b9",
    "resource": {
      "resourceType": "Claim",
      "id": "438f9518-90e6-8d3e-2381-1f1142caa5b9",
      "meta": {
        "tag": [ {
          "system": "https://ncqa.org/fhir/CodeSystem/synthea-state-id",
          "code": "0e30aba5-b3a8-426d-8e8e-23bfbea7e3da",
          "display": "Synthea State Id that generated the resource"
        }, {
          "system": "https://ncqa.org/fhir/CodeSystem/hedis-data-source",
          "code": "administrative"
        } ]
      },
      "status": "active",
      "type": {
        "coding": [ {
          "system": "http://terminology.hl7.org/CodeSystem/claim-type",
          "code": "institutional"
        } ]
      },
      "use": "claim",
      "patient": {
        "reference": "urn:uuid:b4b4b23b-31cd-b8c0-4d69-1e2e73526da7",
        "display": "Dwain McDermott"
      },
      "billablePeriod": {
        "start": "2024-10-27T00:00:00+00:00",
        "end": "2024-10-27T00:15:00+00:00"
      },
      "created": "2024-10-27T00:15:00+00:00",
      "provider": {
        "reference": "Organization?identifier=https://github.com/synthetichealth/synthea|363d3504-18f8-37de-8fbb-f52a59fd61b1",
        "display": "\"HEALTHALLIANCE HOSPITALS, INC\""
      },
      "priority": {
        "coding": [ {
          "system": "http://terminology.hl7.org/CodeSystem/processpriority",
          "code": "normal"
        } ]
      },
      "diagnosis": [ {
        "sequence": 1,
        "diagnosisReference": {
          "reference": "urn:uuid:23573522-8fdf-b851-0cf4-e92c0f8e4c8c",
          "display": "Filler ICD"
        }
      } ],
      "item": [ {
        "sequence": 1,
        "diagnosisSequence": [ 1 ],
        "productOrService": {
          "coding": [ {
            "system": "https://www.nubc.org/CodeSystem/RevenueCodes",
            "code": "0651"
          } ]
        },
        "servicedPeriod": {
          "start": "2024-10-27T00:00:00+00:00",
          "end": "2024-10-27T00:15:00+00:00"
        }
      } ]
    }
  }, {
    "fullUrl": "urn:uuid:23573522-8fdf-b851-0cf4-e92c0f8e4c8c",
    "resource": {
      "resourceType": "Condition",
      "id": "23573522-8fdf-b851-0cf4-e92c0f8e4c8c",
      "meta": {
        "profile": [ "http://hl7.org/fhir/us/core/StructureDefinition/us-core-condition" ],
        "tag": [ {
          "system": "https://ncqa.org/fhir/CodeSystem/synthea-state-id",
          "code": "9db3a5e2-c5b4-41eb-b079-4f6d25442487",
          "display": "Synthea State Id that generated the resource"
        } ]
      },
      "clinicalStatus": {
        "coding": [ {
          "system": "http://terminology.hl7.org/CodeSystem/condition-clinical",
          "code": "active"
        } ]
      },
      "verificationStatus": {
        "coding": [ {
          "system": "http://terminology.hl7.org/CodeSystem/condition-ver-status",
          "code": "confirmed"
        } ]
      },
      "category": [ {
        "coding": [ {
          "system": "http://terminology.hl7.org/CodeSystem/condition-category",
          "code": "encounter-diagnosis",
          "display": "Encounter Diagnosis"
        } ]
      } ],
      "code": {
        "coding": [ {
          "system": "http://hl7.org/fhir/sid/icd-10-cm",
          "code": "O75.81",
          "display": "[O75.81] Maternal exhaustion complicating labor and delivery"
        } ],
        "text": "[O75.81] Maternal exhaustion complicating labor and delivery"
      },
      "subject": {
        "reference": "urn:uuid:b4b4b23b-31cd-b8c0-4d69-1e2e73526da7"
      },
      "onsetDateTime": "2024-10-27T00:00:00+00:00",
      "recordedDate": "2024-10-27T00:00:00+00:00"
    }
  }, {
    "fullUrl": "urn:uuid:8b4f5713-4fd5-a4a5-cd19-ae94b8801aeb",
    "resource": {
      "resourceType": "Coverage",
      "id": "8b4f5713-4fd5-a4a5-cd19-ae94b8801aeb",
      "type": {
        "coding": [ {
          "system": "https://ncqa.org/fhir/codesystem/hedis-coverage-type",
          "code": "MCD"
        } ]
      },
      "beneficiary": {
        "reference": "urn:uuid:b4b4b23b-31cd-b8c0-4d69-1e2e73526da7",
        "display": "Dwain Cliff McDermott"
      },
      "period": {
        "start": "2024-01-01T00:00:00+00:00",
        "end": "2024-06-29T00:00:00+00:00"
      }
    }
  }, {
    "fullUrl": "urn:uuid:0ba31201-24bf-4977-bc56-5f762da1571b",
    "resource": {
      "resourceType": "Coverage",
      "id": "0ba31201-24bf-4977-bc56-5f762da1571b",
      "type": {
        "coding": [ {
          "system": "http://terminology.hl7.org/CodeSystem/v3-ActCode",
          "code": "MCPOL"
        } ]
      },
      "beneficiary": {
        "reference": "urn:uuid:b4b4b23b-31cd-b8c0-4d69-1e2e73526da7",
        "display": "Dwain Cliff McDermott"
      },
      "period": {
        "start": "2024-01-01T00:00:00+00:00",
        "end": "2024-06-29T00:00:00+00:00"
      }
    }
  }, {
    "fullUrl": "urn:uuid:e4ac095e-826a-c2aa-415c-e44278f7ce14",
    "resource": {
      "resourceType": "Coverage",
      "id": "e4ac095e-826a-c2aa-415c-e44278f7ce14",
      "type": {
        "coding": [ {
          "system": "https://ncqa.org/fhir/codesystem/hedis-coverage-type",
          "code": "MOS"
        } ]
      },
      "beneficiary": {
        "reference": "urn:uuid:b4b4b23b-31cd-b8c0-4d69-1e2e73526da7",
        "display": "Dwain Cliff McDermott"
      },
      "period": {
        "start": "2024-08-02T00:00:00+00:00",
        "end": "2024-12-31T00:00:00+00:00"
      }
    }
  }, {
    "fullUrl": "urn:uuid:bdae9326-24dc-4cea-0153-d109e0dca642",
    "resource": {
      "resourceType": "Coverage",
      "id": "bdae9326-24dc-4cea-0153-d109e0dca642",
      "type": {
        "coding": [ {
          "system": "http://terminology.hl7.org/CodeSystem/v3-ActCode",
          "code": "MCPOL"
        } ]
      },
      "beneficiary": {
        "reference": "urn:uuid:b4b4b23b-31cd-b8c0-4d69-1e2e73526da7",
        "display": "Dwain Cliff McDermott"
      },
      "period": {
        "start": "2024-08-02T00:00:00+00:00",
        "end": "2024-12-31T00:00:00+00:00"
      }
    }
  }, {
    "fullUrl": "urn:uuid:null",
    "resource": {
      "resourceType": "MeasureReport",
      "status": "complete",
      "type": "individual",
      "measure": "\"http://fhir.ncqa.org/measures/hedis/aab_hedis_my2023\""
    }
  } ]
}
