{
  "resourceType": "Bundle",
  "id": "ba4b5d06-f5bc-1dec-3d51-b8e5a157d75c",
  "type": "transaction",
  "entry": [ {
    "fullUrl": "urn:uuid:5538f551-1633-35ca-a72a-a314c91a87ab",
    "resource": {
      "resourceType": "Practitioner",
      "id": "5538f551-1633-35ca-a72a-a314c91a87ab",
      "meta": {
        "profile": [ "http://hl7.org/fhir/us/core/StructureDefinition/us-core-practitioner" ]
      },
      "identifier": [ {
        "system": "http://hl7.org/fhir/sid/us-npi",
        "value": "9999999995"
      } ],
      "active": true,
      "name": [ {
        "family": "Hinojosa",
        "given": [ "Daniela" ],
        "prefix": [ "Dr." ]
      } ],
      "telecom": [ {
        "extension": [ {
          "url": "http://hl7.org/fhir/us/core/StructureDefinition/us-core-direct",
          "valueBoolean": true
        } ],
        "system": "email",
        "value": "Daniela.Hinojosa@example.com",
        "use": "work"
      } ],
      "address": [ {
        "line": [ "60 HOSPITAL ROAD" ],
        "city": "LEOMINSTER",
        "state": "MA",
        "postalCode": "01453",
        "country": "US"
      } ],
      "gender": "female"
    },
    "request": {
      "method": "POST",
      "url": "Practitioner",
      "ifNoneExist": "identifier=http://hl7.org/fhir/sid/us-npi|9999999995"
    }
  }, {
    "fullUrl": "urn:uuid:fcfc8b0f-3fbe-5111-69f7-3265895f8376",
    "resource": {
      "resourceType": "PractitionerRole",
      "id": "fcfc8b0f-3fbe-5111-69f7-3265895f8376",
      "meta": {
        "profile": [ "http://hl7.org/fhir/us/core/StructureDefinition/us-core-practitionerrole" ]
      },
      "practitioner": {
        "identifier": {
          "system": "http://hl7.org/fhir/sid/us-npi",
          "value": "9999999995"
        },
        "display": "Dr. Daniela Hinojosa"
      },
      "organization": {
        "identifier": {
          "system": "https://github.com/synthetichealth/synthea",
          "value": "363d3504-18f8-37de-8fbb-f52a59fd61b1"
        },
        "display": "\"HEALTHALLIANCE HOSPITALS, INC\""
      },
      "code": [ {
        "coding": [ {
          "system": "http://nucc.org/provider-taxonomy",
          "code": "208D00000X",
          "display": "General Practice"
        } ],
        "text": "General Practice"
      } ],
      "specialty": [ {
        "coding": [ {
          "system": "http://nucc.org/provider-taxonomy",
          "code": "208D00000X",
          "display": "General Practice"
        } ],
        "text": "General Practice"
      } ],
      "location": [ {
        "identifier": {
          "system": "https://github.com/synthetichealth/synthea",
          "value": "d0e312f3-0a19-3089-af0e-db79b3aee7ab"
        },
        "display": "\"HEALTHALLIANCE HOSPITALS, INC\""
      } ],
      "telecom": [ {
        "system": "phone",
        "value": "9784662000"
      }, {
        "extension": [ {
          "url": "http://hl7.org/fhir/us/core/StructureDefinition/us-core-direct",
          "valueBoolean": true
        } ],
        "system": "email",
        "value": "Daniela.Hinojosa@example.com",
        "use": "work"
      } ]
    },
    "request": {
      "method": "POST",
      "url": "PractitionerRole"
    }
  }, {
    "fullUrl": "urn:uuid:5538f551-1633-35ca-a72a-a314c91a87ab",
    "resource": {
      "resourceType": "Practitioner",
      "id": "5538f551-1633-35ca-a72a-a314c91a87ab",
      "meta": {
        "profile": [ "http://hl7.org/fhir/us/core/StructureDefinition/us-core-practitioner" ]
      },
      "identifier": [ {
        "system": "http://hl7.org/fhir/sid/us-npi",
        "value": "9999999995"
      } ],
      "active": true,
      "name": [ {
        "family": "Hinojosa",
        "given": [ "Daniela" ],
        "prefix": [ "Dr." ]
      } ],
      "telecom": [ {
        "extension": [ {
          "url": "http://hl7.org/fhir/us/core/StructureDefinition/us-core-direct",
          "valueBoolean": true
        } ],
        "system": "email",
        "value": "Daniela.Hinojosa@example.com",
        "use": "work"
      } ],
      "address": [ {
        "line": [ "60 HOSPITAL ROAD" ],
        "city": "LEOMINSTER",
        "state": "MA",
        "postalCode": "01453",
        "country": "US"
      } ],
      "gender": "female"
    },
    "request": {
      "method": "POST",
      "url": "Practitioner",
      "ifNoneExist": "identifier=http://hl7.org/fhir/sid/us-npi|9999999995"
    }
  }, {
    "fullUrl": "urn:uuid:3e44096f-54bc-afc3-8b07-4bcf2e0d4f83",
    "resource": {
      "resourceType": "PractitionerRole",
      "id": "3e44096f-54bc-afc3-8b07-4bcf2e0d4f83",
      "meta": {
        "profile": [ "http://hl7.org/fhir/us/core/StructureDefinition/us-core-practitionerrole" ]
      },
      "practitioner": {
        "identifier": {
          "system": "http://hl7.org/fhir/sid/us-npi",
          "value": "9999999995"
        },
        "display": "Dr. Daniela Hinojosa"
      },
      "organization": {
        "identifier": {
          "system": "https://github.com/synthetichealth/synthea",
          "value": "363d3504-18f8-37de-8fbb-f52a59fd61b1"
        },
        "display": "\"HEALTHALLIANCE HOSPITALS, INC\""
      },
      "code": [ {
        "coding": [ {
          "system": "http://nucc.org/provider-taxonomy",
          "code": "208D00000X",
          "display": "General Practice"
        } ],
        "text": "General Practice"
      } ],
      "specialty": [ {
        "coding": [ {
          "system": "http://nucc.org/provider-taxonomy",
          "code": "208D00000X",
          "display": "General Practice"
        } ],
        "text": "General Practice"
      } ],
      "location": [ {
        "identifier": {
          "system": "https://github.com/synthetichealth/synthea",
          "value": "d0e312f3-0a19-3089-af0e-db79b3aee7ab"
        },
        "display": "\"HEALTHALLIANCE HOSPITALS, INC\""
      } ],
      "telecom": [ {
        "system": "phone",
        "value": "9784662000"
      }, {
        "extension": [ {
          "url": "http://hl7.org/fhir/us/core/StructureDefinition/us-core-direct",
          "valueBoolean": true
        } ],
        "system": "email",
        "value": "Daniela.Hinojosa@example.com",
        "use": "work"
      } ]
    },
    "request": {
      "method": "POST",
      "url": "PractitionerRole"
    }
  }, {
    "fullUrl": "urn:uuid:5538f551-1633-35ca-a72a-a314c91a87ab",
    "resource": {
      "resourceType": "Practitioner",
      "id": "5538f551-1633-35ca-a72a-a314c91a87ab",
      "meta": {
        "profile": [ "http://hl7.org/fhir/us/core/StructureDefinition/us-core-practitioner" ]
      },
      "identifier": [ {
        "system": "http://hl7.org/fhir/sid/us-npi",
        "value": "9999999995"
      } ],
      "active": true,
      "name": [ {
        "family": "Hinojosa",
        "given": [ "Daniela" ],
        "prefix": [ "Dr." ]
      } ],
      "telecom": [ {
        "extension": [ {
          "url": "http://hl7.org/fhir/us/core/StructureDefinition/us-core-direct",
          "valueBoolean": true
        } ],
        "system": "email",
        "value": "Daniela.Hinojosa@example.com",
        "use": "work"
      } ],
      "address": [ {
        "line": [ "60 HOSPITAL ROAD" ],
        "city": "LEOMINSTER",
        "state": "MA",
        "postalCode": "01453",
        "country": "US"
      } ],
      "gender": "female"
    },
    "request": {
      "method": "POST",
      "url": "Practitioner",
      "ifNoneExist": "identifier=http://hl7.org/fhir/sid/us-npi|9999999995"
    }
  }, {
    "fullUrl": "urn:uuid:b571245a-5618-a345-910c-a1b5171ffc32",
    "resource": {
      "resourceType": "PractitionerRole",
      "id": "b571245a-5618-a345-910c-a1b5171ffc32",
      "meta": {
        "profile": [ "http://hl7.org/fhir/us/core/StructureDefinition/us-core-practitionerrole" ]
      },
      "practitioner": {
        "identifier": {
          "system": "http://hl7.org/fhir/sid/us-npi",
          "value": "9999999995"
        },
        "display": "Dr. Daniela Hinojosa"
      },
      "organization": {
        "identifier": {
          "system": "https://github.com/synthetichealth/synthea",
          "value": "363d3504-18f8-37de-8fbb-f52a59fd61b1"
        },
        "display": "\"HEALTHALLIANCE HOSPITALS, INC\""
      },
      "code": [ {
        "coding": [ {
          "system": "http://nucc.org/provider-taxonomy",
          "code": "208D00000X",
          "display": "General Practice"
        } ],
        "text": "General Practice"
      } ],
      "specialty": [ {
        "coding": [ {
          "system": "http://nucc.org/provider-taxonomy",
          "code": "208D00000X",
          "display": "General Practice"
        } ],
        "text": "General Practice"
      } ],
      "location": [ {
        "identifier": {
          "system": "https://github.com/synthetichealth/synthea",
          "value": "d0e312f3-0a19-3089-af0e-db79b3aee7ab"
        },
        "display": "\"HEALTHALLIANCE HOSPITALS, INC\""
      } ],
      "telecom": [ {
        "system": "phone",
        "value": "9784662000"
      }, {
        "extension": [ {
          "url": "http://hl7.org/fhir/us/core/StructureDefinition/us-core-direct",
          "valueBoolean": true
        } ],
        "system": "email",
        "value": "Daniela.Hinojosa@example.com",
        "use": "work"
      } ]
    },
    "request": {
      "method": "POST",
      "url": "PractitionerRole"
    }
  }, {
    "resource": {
      "resourceType": "Parameters",
      "id": "ba4b5d06-f5bc-1dec-3d51-b8e5a157d75c.scorekey",
      "parameter": [ {
        "name": "InitialPopulation",
        "valueBoolean": true
      }, {
        "name": "Numerator_3",
        "valueBoolean": true
      }, {
        "name": "ContinuousEnrollment",
        "valueBoolean": true
      }, {
        "name": "InitialPopulation",
        "valueBoolean": true
      }, {
        "name": "Denominator",
        "valueBoolean": true
      }, {
        "name": "RequiredExclusion",
        "valueBoolean": false
      }, {
        "name": "RequiredExclusion",
        "valueBoolean": false
      }, {
        "name": "Numerator_2",
        "valueBoolean": false
      }, {
        "name": "ContinuousEnrollment",
        "valueBoolean": true
      }, {
        "name": "Numerator_1",
        "valueBoolean": true
      }, {
        "name": "Numerator_4",
        "valueBoolean": true
      }, {
        "name": "Numerator_3",
        "valueBoolean": true
      }, {
        "name": "Numerator_1",
        "valueBoolean": true
      }, {
        "name": "Denominator",
        "valueBoolean": true
      }, {
        "name": "RequiredExclusion",
        "valueBoolean": false
      }, {
        "name": "Numerator_1",
        "valueBoolean": true
      }, {
        "name": "ContinuousEnrollment",
        "valueBoolean": true
      }, {
        "name": "Numerator_3",
        "valueBoolean": true
      }, {
        "name": "Numerator_2",
        "valueBoolean": false
      }, {
        "name": "Numerator_4",
        "valueBoolean": true
      }, {
        "name": "RequiredExclusion",
        "valueBoolean": false
      }, {
        "name": "Numerator_4",
        "valueBoolean": true
      }, {
        "name": "Numerator_3",
        "valueBoolean": true
      }, {
        "name": "Numerator_2",
        "valueBoolean": false
      }, {
        "name": "InitialPopulation",
        "valueBoolean": true
      }, {
        "name": "Numerator_1",
        "valueBoolean": true
      }, {
        "name": "RequiredExclusion",
        "valueBoolean": false
      } ]
    }
  }, {
    "resource": {
      "resourceType": "Parameters",
      "id": "ba4b5d06-f5bc-1dec-3d51-b8e5a157d75c.all-params",
      "parameter": [ {
        "name": "dsu_continuous_enrollment.json Module.Start Date",
        "valueString": "01/01/2024"
      }, {
        "name": "dsu.json Module.Measurement_Period_End",
        "valueString": "12/31/2024"
      }, {
        "name": "dsu.json Module.Prior_Year_Start",
        "valueString": "01/01/2022"
      }, {
        "name": "dsu.json Module.Prior_Year_End",
        "valueString": "12/31/2023"
      }, {
        "name": "dsu_denominator.json Module.InitialPopulation",
        "valueBoolean": true
      }, {
        "name": "dsu_numerator_3.json Module.Numerator_3",
        "valueBoolean": true
      }, {
        "name": "dsu_continuous_enrollment.json Module.ContinuousEnrollment",
        "valueBoolean": true
      }, {
        "name": "dsu.json Module.InitialPopulation",
        "valueBoolean": true
      }, {
        "name": "dsu_denominator.json Module.Denominator",
        "valueBoolean": true
      }, {
        "name": "dsu_denominator.json Module.RequiredExclusion",
        "valueBoolean": false
      }, {
        "name": "dsu.json Module.RequiredExclusion",
        "valueBoolean": false
      }, {
        "name": "dsu_numerator.json Module.Numerator_2",
        "valueBoolean": false
      }, {
        "name": "dsu.json Module.ContinuousEnrollment",
        "valueBoolean": true
      }, {
        "name": "dsu_numerator.json Module.Numerator_1",
        "valueBoolean": true
      }, {
        "name": "dsu_numerator.json Module.Numerator_4",
        "valueBoolean": true
      }, {
        "name": "dsu_numerator.json Module.Numerator_3",
        "valueBoolean": true
      }, {
        "name": "dsu_numerator_1.json Module.Numerator_1",
        "valueBoolean": true
      }, {
        "name": "dsu.json Module.Denominator",
        "valueBoolean": true
      }, {
        "name": "hospice_check.json Module.RequiredExclusion",
        "valueBoolean": false
      }, {
        "name": "dsu_numerator_check.json Module.Numerator_1",
        "valueBoolean": true
      }, {
        "name": "dsu_initial_population.json Module.ContinuousEnrollment",
        "valueBoolean": true
      }, {
        "name": "dsu_numerator_check.json Module.Numerator_3",
        "valueBoolean": true
      }, {
        "name": "dsu_numerator_check.json Module.Numerator_2",
        "valueBoolean": false
      }, {
        "name": "dsu_numerator_check.json Module.Numerator_4",
        "valueBoolean": true
      }, {
        "name": "dsu_initial_population.json Module.RequiredExclusion",
        "valueBoolean": false
      }, {
        "name": "dsu.json Module.Numerator_4",
        "valueBoolean": true
      }, {
        "name": "dsu.json Module.Numerator_3",
        "valueBoolean": true
      }, {
        "name": "dsu.json Module.Numerator_2",
        "valueBoolean": false
      }, {
        "name": "dsu_initial_population.json Module.InitialPopulation",
        "valueBoolean": true
      }, {
        "name": "dsu.json Module.Numerator_1",
        "valueBoolean": true
      }, {
        "name": "hospice_required_exclusion.json Module.RequiredExclusion",
        "valueBoolean": false
      } ]
    }
  }, {
    "fullUrl": "urn:uuid:ba4b5d06-f5bc-1dec-3d51-b8e5a157d75c",
    "resource": {
      "resourceType": "Patient",
      "id": "ba4b5d06-f5bc-1dec-3d51-b8e5a157d75c",
      "meta": {
        "profile": [ "http://hl7.org/fhir/us/core/StructureDefinition/us-core-patient" ]
      },
      "text": {
        "status": "generated",
        "div": "<div xmlns=\"http://www.w3.org/1999/xhtml\">Generated by <a href=\"https://github.com/synthetichealth/synthea\">Synthea</a>.Version identifier: 79d417f\n .   Person seed: -8318926756327052325  Population seed: 1703176669956</div>"
      },
      "extension": [ {
        "url": "http://hl7.org/fhir/us/core/StructureDefinition/us-core-race",
        "extension": [ {
          "url": "ombCategory",
          "valueCoding": {
            "system": "urn:oid:2.16.840.1.113883.6.238",
            "code": "2054-5",
            "display": "Black or African American"
          }
        }, {
          "url": "text",
          "valueString": "Black or African American"
        } ]
      }, {
        "url": "http://hl7.org/fhir/us/core/StructureDefinition/us-core-ethnicity",
        "extension": [ {
          "url": "ombCategory",
          "valueCoding": {
            "system": "urn:oid:2.16.840.1.113883.6.238",
            "code": "2186-5",
            "display": "Not Hispanic or Latino"
          }
        }, {
          "url": "text",
          "valueString": "Not Hispanic or Latino"
        } ]
      }, {
        "url": "http://hl7.org/fhir/StructureDefinition/patient-mothersMaidenName",
        "valueString": "Shana Renner"
      }, {
        "url": "http://hl7.org/fhir/us/core/StructureDefinition/us-core-birthsex",
        "valueCode": "M"
      }, {
        "url": "http://hl7.org/fhir/StructureDefinition/patient-birthPlace",
        "valueAddress": {
          "city": "Westfield",
          "state": "Massachusetts",
          "country": "US"
        }
      } ],
      "identifier": [ {
        "system": "https://github.com/synthetichealth/synthea",
        "value": "ba4b5d06-f5bc-1dec-3d51-b8e5a157d75c"
      }, {
        "type": {
          "coding": [ {
            "system": "http://terminology.hl7.org/CodeSystem/v2-0203",
            "code": "MR",
            "display": "Medical Record Number"
          } ],
          "text": "Medical Record Number"
        },
        "system": "http://hospital.smarthealthit.org",
        "value": "ba4b5d06-f5bc-1dec-3d51-b8e5a157d75c"
      }, {
        "type": {
          "coding": [ {
            "system": "http://terminology.hl7.org/CodeSystem/v2-0203",
            "code": "SS",
            "display": "Social Security Number"
          } ],
          "text": "Social Security Number"
        },
        "system": "http://hl7.org/fhir/sid/us-ssn",
        "value": "999-93-9614"
      } ],
      "name": [ {
        "use": "official",
        "family": "Heathcote",
        "given": [ "Emil", "Ethan" ]
      } ],
      "telecom": [ {
        "system": "phone",
        "value": "555-736-9143",
        "use": "home"
      } ],
      "gender": "male",
      "birthDate": "2000-10-11",
      "address": [ {
        "extension": [ {
          "url": "http://hl7.org/fhir/StructureDefinition/geolocation",
          "extension": [ {
            "url": "latitude",
            "valueDecimal": 42.62770228325968
          }, {
            "url": "longitude",
            "valueDecimal": -71.31326725249428
          } ]
        } ],
        "line": [ "830 Bayer Stravenue" ],
        "city": "Lowell",
        "state": "MA",
        "country": "US"
      } ],
      "maritalStatus": {
        "coding": [ {
          "system": "http://terminology.hl7.org/CodeSystem/v3-MaritalStatus",
          "code": "S",
          "display": "Never Married"
        } ],
        "text": "Never Married"
      },
      "multipleBirthBoolean": false,
      "communication": [ {
        "language": {
          "coding": [ {
            "system": "urn:ietf:bcp:47",
            "code": "en-US",
            "display": "English"
          } ],
          "text": "English"
        }
      } ]
    }
  }, {
    "fullUrl": "urn:uuid:3a07de88-4461-5796-2518-5eb2b8b80c47",
    "resource": {
      "resourceType": "Claim",
      "id": "3a07de88-4461-5796-2518-5eb2b8b80c47",
      "meta": {
        "tag": [ {
          "system": "https://ncqa.org/fhir/CodeSystem/synthea-state-id",
          "code": "c7ca1964-4fe0-4bba-a9e9-0f09136b2a9f",
          "display": "Synthea State Id that generated the resource"
        }, {
          "system": "https://ncqa.org/fhir/CodeSystem/hedis-data-source",
          "code": "administrative"
        } ]
      },
      "status": "active",
      "type": {
        "coding": [ {
          "system": "http://terminology.hl7.org/CodeSystem/claim-type",
          "code": "institutional"
        } ]
      },
      "use": "claim",
      "patient": {
        "reference": "urn:uuid:ba4b5d06-f5bc-1dec-3d51-b8e5a157d75c",
        "display": "Emil Heathcote"
      },
      "billablePeriod": {
        "start": "2024-07-29T00:00:00+00:00",
        "end": "2024-07-29T00:15:00+00:00"
      },
      "created": "2024-07-29T00:15:00+00:00",
      "provider": {
        "reference": "Organization?identifier=https://github.com/synthetichealth/synthea|363d3504-18f8-37de-8fbb-f52a59fd61b1",
        "display": "\"HEALTHALLIANCE HOSPITALS, INC\""
      },
      "priority": {
        "coding": [ {
          "system": "http://terminology.hl7.org/CodeSystem/processpriority",
          "code": "normal"
        } ]
      },
      "diagnosis": [ {
        "sequence": 1,
        "diagnosisReference": {
          "reference": "urn:uuid:727adb94-baf1-482d-b901-46d9ad6447c6",
          "display": "Other Drug Abuse & Dep ICD 10 Dx Only"
        }
      } ],
      "item": [ {
        "sequence": 1,
        "diagnosisSequence": [ 1 ],
        "productOrService": {
          "coding": [ {
            "system": "http://www.ama-assn.org/go/cpt",
            "code": "99205"
          } ]
        },
        "servicedPeriod": {
          "start": "2024-07-29T00:00:00+00:00",
          "end": "2024-07-29T00:15:00+00:00"
        }
      } ]
    }
  }, {
    "fullUrl": "urn:uuid:727adb94-baf1-482d-b901-46d9ad6447c6",
    "resource": {
      "resourceType": "Condition",
      "id": "727adb94-baf1-482d-b901-46d9ad6447c6",
      "meta": {
        "profile": [ "http://hl7.org/fhir/us/core/StructureDefinition/us-core-condition" ],
        "tag": [ {
          "system": "https://ncqa.org/fhir/CodeSystem/synthea-state-id",
          "code": "300b2d42-ec78-4961-930c-1db934d6f11b",
          "display": "Synthea State Id that generated the resource"
        } ]
      },
      "clinicalStatus": {
        "coding": [ {
          "system": "http://terminology.hl7.org/CodeSystem/condition-clinical",
          "code": "active"
        } ]
      },
      "verificationStatus": {
        "coding": [ {
          "system": "http://terminology.hl7.org/CodeSystem/condition-ver-status",
          "code": "confirmed"
        } ]
      },
      "category": [ {
        "coding": [ {
          "system": "http://terminology.hl7.org/CodeSystem/condition-category",
          "code": "encounter-diagnosis",
          "display": "Encounter Diagnosis"
        } ]
      } ],
      "code": {
        "coding": [ {
          "system": "http://hl7.org/fhir/sid/icd-10-cm",
          "code": "F15.251",
          "display": "[F15.251] Other stimulant dependence with stimulant-induced psychotic disorder with hallucinations"
        } ],
        "text": "[F15.251] Other stimulant dependence with stimulant-induced psychotic disorder with hallucinations"
      },
      "subject": {
        "reference": "urn:uuid:ba4b5d06-f5bc-1dec-3d51-b8e5a157d75c"
      },
      "onsetDateTime": "2024-07-29T00:00:00+00:00",
      "recordedDate": "2024-07-29T00:00:00+00:00"
    }
  }, {
    "fullUrl": "urn:uuid:dc63e756-eb54-5d3b-2e2d-14f8290a0be2",
    "resource": {
      "resourceType": "Encounter",
      "id": "dc63e756-eb54-5d3b-2e2d-14f8290a0be2",
      "meta": {
        "profile": [ "http://hl7.org/fhir/us/core/StructureDefinition/us-core-encounter" ],
        "tag": [ {
          "system": "https://ncqa.org/fhir/CodeSystem/synthea-state-id",
          "code": "4adb7488-b173-4413-88ce-4f0d1eec95ef",
          "display": "Synthea State Id that generated the resource"
        } ]
      },
      "identifier": [ {
        "use": "official",
        "system": "https://github.com/synthetichealth/synthea",
        "value": "dc63e756-eb54-5d3b-2e2d-14f8290a0be2"
      } ],
      "status": "finished",
      "class": {
        "system": "http://terminology.hl7.org/CodeSystem/v3-ActCode",
        "code": "AMB"
      },
      "type": [ {
        "coding": [ {
          "system": "http://www.ama-assn.org/go/cpt",
          "code": "99205"
        } ]
      } ],
      "subject": {
        "reference": "urn:uuid:ba4b5d06-f5bc-1dec-3d51-b8e5a157d75c",
        "display": "Emil Ethan Heathcote"
      },
      "participant": [ {
        "type": [ {
          "coding": [ {
            "system": "http://terminology.hl7.org/CodeSystem/v3-ParticipationType",
            "code": "PPRF",
            "display": "primary performer"
          } ],
          "text": "primary performer"
        } ],
        "period": {
          "start": "2024-07-29T00:00:00+00:00",
          "end": "2024-07-29T00:15:00+00:00"
        },
        "individual": {
          "reference": "urn:uuid:5538f551-1633-35ca-a72a-a314c91a87ab",
          "display": "Dr. Daniela Hinojosa"
        }
      } ],
      "period": {
        "start": "2024-07-29T00:00:00+00:00",
        "end": "2024-07-29T00:15:00+00:00"
      },
      "location": [ {
        "location": {
          "reference": "Location?identifier=https://github.com/synthetichealth/synthea|d0e312f3-0a19-3089-af0e-db79b3aee7ab",
          "display": "\"HEALTHALLIANCE HOSPITALS, INC\""
        }
      } ],
      "serviceProvider": {
        "reference": "Organization?identifier=https://github.com/synthetichealth/synthea|363d3504-18f8-37de-8fbb-f52a59fd61b1",
        "display": "\"HEALTHALLIANCE HOSPITALS, INC\""
      }
    }
  }, {
    "fullUrl": "urn:uuid:0281e6ca-f856-c7a0-88ef-c7eea03dcf5c",
    "resource": {
      "resourceType": "Condition",
      "id": "0281e6ca-f856-c7a0-88ef-c7eea03dcf5c",
      "meta": {
        "profile": [ "http://hl7.org/fhir/us/core/StructureDefinition/us-core-condition" ],
        "tag": [ {
          "system": "https://ncqa.org/fhir/CodeSystem/synthea-state-id",
          "code": "9bf11b45-cf89-4e33-8947-85cf4023cf37",
          "display": "Synthea State Id that generated the resource"
        } ]
      },
      "clinicalStatus": {
        "coding": [ {
          "system": "http://terminology.hl7.org/CodeSystem/condition-clinical",
          "code": "active"
        } ]
      },
      "verificationStatus": {
        "coding": [ {
          "system": "http://terminology.hl7.org/CodeSystem/condition-ver-status",
          "code": "confirmed"
        } ]
      },
      "category": [ {
        "coding": [ {
          "system": "http://terminology.hl7.org/CodeSystem/condition-category",
          "code": "encounter-diagnosis",
          "display": "Encounter Diagnosis"
        } ]
      } ],
      "code": {
        "coding": [ {
          "system": "http://hl7.org/fhir/sid/icd-10-cm",
          "code": "O30.209",
          "display": "[O30.209] Quadruplet pregnancy, unspecified number of placenta and unspecified number of amniotic sacs, unspecified trimester"
        } ],
        "text": "[O30.209] Quadruplet pregnancy, unspecified number of placenta and unspecified number of amniotic sacs, unspecified trimester"
      },
      "subject": {
        "reference": "urn:uuid:ba4b5d06-f5bc-1dec-3d51-b8e5a157d75c"
      },
      "encounter": {
        "reference": "urn:uuid:dc63e756-eb54-5d3b-2e2d-14f8290a0be2"
      },
      "onsetDateTime": "2024-07-29T00:00:00+00:00",
      "recordedDate": "2024-07-29T00:00:00+00:00"
    }
  }, {
    "fullUrl": "urn:uuid:57e62bc6-0df0-430b-96ee-d8d59db91f23",
    "resource": {
      "resourceType": "Claim",
      "id": "57e62bc6-0df0-430b-96ee-d8d59db91f23",
      "meta": {
        "tag": [ {
          "system": "https://ncqa.org/fhir/CodeSystem/synthea-state-id",
          "code": "89b9747f-534f-4b1d-841f-5b6458ed6923",
          "display": "Synthea State Id that generated the resource"
        }, {
          "system": "https://ncqa.org/fhir/CodeSystem/hedis-data-source",
          "code": "administrative"
        } ]
      },
      "status": "active",
      "type": {
        "coding": [ {
          "system": "http://terminology.hl7.org/CodeSystem/claim-type",
          "code": "institutional"
        } ]
      },
      "use": "claim",
      "patient": {
        "reference": "urn:uuid:ba4b5d06-f5bc-1dec-3d51-b8e5a157d75c",
        "display": "Emil Heathcote"
      },
      "billablePeriod": {
        "start": "2024-07-29T00:00:00+00:00",
        "end": "2024-07-29T00:15:00+00:00"
      },
      "created": "2024-07-29T00:15:00+00:00",
      "provider": {
        "reference": "Organization?identifier=https://github.com/synthetichealth/synthea|363d3504-18f8-37de-8fbb-f52a59fd61b1",
        "display": "\"HEALTHALLIANCE HOSPITALS, INC\""
      },
      "priority": {
        "coding": [ {
          "system": "http://terminology.hl7.org/CodeSystem/processpriority",
          "code": "normal"
        } ]
      },
      "diagnosis": [ {
        "sequence": 1,
        "diagnosisReference": {
          "reference": "urn:uuid:d534d90d-fa61-4d77-600f-8a1d77d520fe",
          "display": "Alc Abuse & Dep ICD 10 Dx Only"
        }
      } ],
      "item": [ {
        "sequence": 1,
        "diagnosisSequence": [ 1 ],
        "productOrService": {
          "coding": [ {
            "system": "http://www.ama-assn.org/go/cpt",
            "code": "99205"
          } ]
        },
        "servicedPeriod": {
          "start": "2024-07-29T00:00:00+00:00",
          "end": "2024-07-29T00:15:00+00:00"
        }
      } ]
    }
  }, {
    "fullUrl": "urn:uuid:d534d90d-fa61-4d77-600f-8a1d77d520fe",
    "resource": {
      "resourceType": "Condition",
      "id": "d534d90d-fa61-4d77-600f-8a1d77d520fe",
      "meta": {
        "profile": [ "http://hl7.org/fhir/us/core/StructureDefinition/us-core-condition" ],
        "tag": [ {
          "system": "https://ncqa.org/fhir/CodeSystem/synthea-state-id",
          "code": "5bf04be2-2279-4903-b5c9-3ba84216a47f",
          "display": "Synthea State Id that generated the resource"
        } ]
      },
      "clinicalStatus": {
        "coding": [ {
          "system": "http://terminology.hl7.org/CodeSystem/condition-clinical",
          "code": "active"
        } ]
      },
      "verificationStatus": {
        "coding": [ {
          "system": "http://terminology.hl7.org/CodeSystem/condition-ver-status",
          "code": "confirmed"
        } ]
      },
      "category": [ {
        "coding": [ {
          "system": "http://terminology.hl7.org/CodeSystem/condition-category",
          "code": "encounter-diagnosis",
          "display": "Encounter Diagnosis"
        } ]
      } ],
      "code": {
        "coding": [ {
          "system": "http://hl7.org/fhir/sid/icd-10-cm",
          "code": "F10.221",
          "display": "[F10.221] Alcohol dependence with intoxication delirium"
        } ],
        "text": "[F10.221] Alcohol dependence with intoxication delirium"
      },
      "subject": {
        "reference": "urn:uuid:ba4b5d06-f5bc-1dec-3d51-b8e5a157d75c"
      },
      "onsetDateTime": "2024-07-29T00:00:00+00:00",
      "recordedDate": "2024-07-29T00:00:00+00:00"
    }
  }, {
    "fullUrl": "urn:uuid:d0eb9e66-d965-ec25-6c82-1a046cfbfcfe",
    "resource": {
      "resourceType": "Encounter",
      "id": "d0eb9e66-d965-ec25-6c82-1a046cfbfcfe",
      "meta": {
        "profile": [ "http://hl7.org/fhir/us/core/StructureDefinition/us-core-encounter" ],
        "tag": [ {
          "system": "https://ncqa.org/fhir/CodeSystem/synthea-state-id",
          "code": "4adb7488-b173-4413-88ce-4f0d1eec95ef",
          "display": "Synthea State Id that generated the resource"
        } ]
      },
      "identifier": [ {
        "use": "official",
        "system": "https://github.com/synthetichealth/synthea",
        "value": "d0eb9e66-d965-ec25-6c82-1a046cfbfcfe"
      } ],
      "status": "finished",
      "class": {
        "system": "http://terminology.hl7.org/CodeSystem/v3-ActCode",
        "code": "AMB"
      },
      "type": [ {
        "coding": [ {
          "system": "http://www.ama-assn.org/go/cpt",
          "code": "99205"
        } ]
      } ],
      "subject": {
        "reference": "urn:uuid:ba4b5d06-f5bc-1dec-3d51-b8e5a157d75c",
        "display": "Emil Ethan Heathcote"
      },
      "participant": [ {
        "type": [ {
          "coding": [ {
            "system": "http://terminology.hl7.org/CodeSystem/v3-ParticipationType",
            "code": "PPRF",
            "display": "primary performer"
          } ],
          "text": "primary performer"
        } ],
        "period": {
          "start": "2024-07-29T00:00:00+00:00",
          "end": "2024-07-29T00:15:00+00:00"
        },
        "individual": {
          "reference": "urn:uuid:5538f551-1633-35ca-a72a-a314c91a87ab",
          "display": "Dr. Daniela Hinojosa"
        }
      } ],
      "period": {
        "start": "2024-07-29T00:00:00+00:00",
        "end": "2024-07-29T00:15:00+00:00"
      },
      "location": [ {
        "location": {
          "reference": "Location?identifier=https://github.com/synthetichealth/synthea|d0e312f3-0a19-3089-af0e-db79b3aee7ab",
          "display": "\"HEALTHALLIANCE HOSPITALS, INC\""
        }
      } ],
      "serviceProvider": {
        "reference": "Organization?identifier=https://github.com/synthetichealth/synthea|363d3504-18f8-37de-8fbb-f52a59fd61b1",
        "display": "\"HEALTHALLIANCE HOSPITALS, INC\""
      }
    }
  }, {
    "fullUrl": "urn:uuid:85886101-f593-f5fe-71d0-4bcc303dd6f0",
    "resource": {
      "resourceType": "Condition",
      "id": "85886101-f593-f5fe-71d0-4bcc303dd6f0",
      "meta": {
        "profile": [ "http://hl7.org/fhir/us/core/StructureDefinition/us-core-condition" ],
        "tag": [ {
          "system": "https://ncqa.org/fhir/CodeSystem/synthea-state-id",
          "code": "9bf11b45-cf89-4e33-8947-85cf4023cf37",
          "display": "Synthea State Id that generated the resource"
        } ]
      },
      "clinicalStatus": {
        "coding": [ {
          "system": "http://terminology.hl7.org/CodeSystem/condition-clinical",
          "code": "active"
        } ]
      },
      "verificationStatus": {
        "coding": [ {
          "system": "http://terminology.hl7.org/CodeSystem/condition-ver-status",
          "code": "confirmed"
        } ]
      },
      "category": [ {
        "coding": [ {
          "system": "http://terminology.hl7.org/CodeSystem/condition-category",
          "code": "encounter-diagnosis",
          "display": "Encounter Diagnosis"
        } ]
      } ],
      "code": {
        "coding": [ {
          "system": "http://hl7.org/fhir/sid/icd-10-cm",
          "code": "O30.209",
          "display": "[O30.209] Quadruplet pregnancy, unspecified number of placenta and unspecified number of amniotic sacs, unspecified trimester"
        } ],
        "text": "[O30.209] Quadruplet pregnancy, unspecified number of placenta and unspecified number of amniotic sacs, unspecified trimester"
      },
      "subject": {
        "reference": "urn:uuid:ba4b5d06-f5bc-1dec-3d51-b8e5a157d75c"
      },
      "encounter": {
        "reference": "urn:uuid:d0eb9e66-d965-ec25-6c82-1a046cfbfcfe"
      },
      "onsetDateTime": "2024-07-29T00:00:00+00:00",
      "recordedDate": "2024-07-29T00:00:00+00:00"
    }
  }, {
    "fullUrl": "urn:uuid:905052df-2991-305b-8faa-4f93a557c89d",
    "resource": {
      "resourceType": "Claim",
      "id": "905052df-2991-305b-8faa-4f93a557c89d",
      "meta": {
        "tag": [ {
          "system": "https://ncqa.org/fhir/CodeSystem/synthea-state-id",
          "code": "e2510331-2815-4c5c-ba94-e6b68a9f1160",
          "display": "Synthea State Id that generated the resource"
        }, {
          "system": "https://ncqa.org/fhir/CodeSystem/hedis-data-source",
          "code": "administrative"
        } ]
      },
      "status": "active",
      "type": {
        "coding": [ {
          "system": "http://terminology.hl7.org/CodeSystem/claim-type",
          "code": "institutional"
        } ]
      },
      "use": "claim",
      "patient": {
        "reference": "urn:uuid:ba4b5d06-f5bc-1dec-3d51-b8e5a157d75c",
        "display": "Emil Heathcote"
      },
      "billablePeriod": {
        "start": "2024-07-29T00:00:00+00:00",
        "end": "2024-07-29T00:15:00+00:00"
      },
      "created": "2024-07-29T00:15:00+00:00",
      "provider": {
        "reference": "Organization?identifier=https://github.com/synthetichealth/synthea|363d3504-18f8-37de-8fbb-f52a59fd61b1",
        "display": "\"HEALTHALLIANCE HOSPITALS, INC\""
      },
      "priority": {
        "coding": [ {
          "system": "http://terminology.hl7.org/CodeSystem/processpriority",
          "code": "normal"
        } ]
      },
      "diagnosis": [ {
        "sequence": 1,
        "diagnosisReference": {
          "reference": "urn:uuid:3228578b-0405-4447-480d-768fdd770111",
          "display": "Filler ICD 10 Dx Only"
        }
      } ],
      "item": [ {
        "sequence": 1,
        "diagnosisSequence": [ 1 ],
        "productOrService": {
          "coding": [ {
            "system": "http://www.ama-assn.org/go/cpt",
            "code": "99205"
          } ]
        },
        "servicedPeriod": {
          "start": "2024-07-29T00:00:00+00:00",
          "end": "2024-07-29T00:15:00+00:00"
        }
      } ]
    }
  }, {
    "fullUrl": "urn:uuid:3228578b-0405-4447-480d-768fdd770111",
    "resource": {
      "resourceType": "Condition",
      "id": "3228578b-0405-4447-480d-768fdd770111",
      "meta": {
        "profile": [ "http://hl7.org/fhir/us/core/StructureDefinition/us-core-condition" ],
        "tag": [ {
          "system": "https://ncqa.org/fhir/CodeSystem/synthea-state-id",
          "code": "1fce1fe0-8796-4179-8eb2-26ab557640d7",
          "display": "Synthea State Id that generated the resource"
        } ]
      },
      "clinicalStatus": {
        "coding": [ {
          "system": "http://terminology.hl7.org/CodeSystem/condition-clinical",
          "code": "active"
        } ]
      },
      "verificationStatus": {
        "coding": [ {
          "system": "http://terminology.hl7.org/CodeSystem/condition-ver-status",
          "code": "confirmed"
        } ]
      },
      "category": [ {
        "coding": [ {
          "system": "http://terminology.hl7.org/CodeSystem/condition-category",
          "code": "encounter-diagnosis",
          "display": "Encounter Diagnosis"
        } ]
      } ],
      "code": {
        "coding": [ {
          "system": "http://hl7.org/fhir/sid/icd-10-cm",
          "code": "O34.70",
          "display": "[O34.70] Maternal care for abnormality of vulva and perineum, unspecified trimester"
        } ],
        "text": "[O34.70] Maternal care for abnormality of vulva and perineum, unspecified trimester"
      },
      "subject": {
        "reference": "urn:uuid:ba4b5d06-f5bc-1dec-3d51-b8e5a157d75c"
      },
      "onsetDateTime": "2024-07-29T00:00:00+00:00",
      "recordedDate": "2024-07-29T00:00:00+00:00"
    }
  }, {
    "fullUrl": "urn:uuid:60f0f075-517e-586c-681a-aebf0f5b8370",
    "resource": {
      "resourceType": "Encounter",
      "id": "60f0f075-517e-586c-681a-aebf0f5b8370",
      "meta": {
        "profile": [ "http://hl7.org/fhir/us/core/StructureDefinition/us-core-encounter" ],
        "tag": [ {
          "system": "https://ncqa.org/fhir/CodeSystem/synthea-state-id",
          "code": "dc0a4bc7-7da2-4029-b73e-839f4f72238c",
          "display": "Synthea State Id that generated the resource"
        } ]
      },
      "identifier": [ {
        "use": "official",
        "system": "https://github.com/synthetichealth/synthea",
        "value": "60f0f075-517e-586c-681a-aebf0f5b8370"
      } ],
      "status": "finished",
      "class": {
        "system": "http://terminology.hl7.org/CodeSystem/v3-ActCode",
        "code": "AMB"
      },
      "type": [ {
        "coding": [ {
          "system": "https://www.nubc.org/CodeSystem/RevenueCodes",
          "code": "0211"
        } ]
      } ],
      "subject": {
        "reference": "urn:uuid:ba4b5d06-f5bc-1dec-3d51-b8e5a157d75c",
        "display": "Emil Ethan Heathcote"
      },
      "participant": [ {
        "type": [ {
          "coding": [ {
            "system": "http://terminology.hl7.org/CodeSystem/v3-ParticipationType",
            "code": "PPRF",
            "display": "primary performer"
          } ],
          "text": "primary performer"
        } ],
        "period": {
          "start": "2026-03-26T00:00:00+00:00",
          "end": "2026-03-26T00:15:00+00:00"
        },
        "individual": {
          "reference": "urn:uuid:5538f551-1633-35ca-a72a-a314c91a87ab",
          "display": "Dr. Daniela Hinojosa"
        }
      } ],
      "period": {
        "start": "2026-03-26T00:00:00+00:00",
        "end": "2026-03-26T00:15:00+00:00"
      },
      "location": [ {
        "location": {
          "reference": "Location?identifier=https://github.com/synthetichealth/synthea|d0e312f3-0a19-3089-af0e-db79b3aee7ab",
          "display": "\"HEALTHALLIANCE HOSPITALS, INC\""
        }
      } ],
      "serviceProvider": {
        "reference": "Organization?identifier=https://github.com/synthetichealth/synthea|363d3504-18f8-37de-8fbb-f52a59fd61b1",
        "display": "\"HEALTHALLIANCE HOSPITALS, INC\""
      }
    }
  }, {
    "fullUrl": "urn:uuid:b15d733b-aba2-4e0f-a522-649f09604225",
    "resource": {
      "resourceType": "Procedure",
      "id": "b15d733b-aba2-4e0f-a522-649f09604225",
      "meta": {
        "profile": [ "http://hl7.org/fhir/us/core/StructureDefinition/us-core-procedure" ],
        "tag": [ {
          "system": "https://ncqa.org/fhir/CodeSystem/synthea-state-id",
          "code": "dbc86cb1-6aaf-4a23-80c9-6a0ee22d3f50",
          "display": "Synthea State Id that generated the resource"
        } ]
      },
      "status": "completed",
      "code": {
        "coding": [ {
          "system": "http://www.ama-assn.org/go/cpt",
          "code": "99378"
        } ]
      },
      "subject": {
        "reference": "urn:uuid:ba4b5d06-f5bc-1dec-3d51-b8e5a157d75c"
      },
      "encounter": {
        "reference": "urn:uuid:60f0f075-517e-586c-681a-aebf0f5b8370"
      },
      "performedPeriod": {
        "start": "2026-03-26T00:00:00+00:00",
        "end": "2026-03-26T00:15:00+00:00"
      },
      "location": {
        "reference": "Location?identifier=https://github.com/synthetichealth/synthea|d0e312f3-0a19-3089-af0e-db79b3aee7ab",
        "display": "\"HEALTHALLIANCE HOSPITALS, INC\""
      }
    }
  }, {
    "fullUrl": "urn:uuid:2e69dde9-baf5-0ef4-ca5b-ede5fdc93b15",
    "resource": {
      "resourceType": "Coverage",
      "id": "2e69dde9-baf5-0ef4-ca5b-ede5fdc93b15",
      "type": {
        "coding": [ {
          "system": "https://ncqa.org/fhir/codesystem/hedis-coverage-type",
          "code": "MCS"
        } ]
      },
      "beneficiary": {
        "reference": "urn:uuid:ba4b5d06-f5bc-1dec-3d51-b8e5a157d75c",
        "display": "Emil Ethan Heathcote"
      },
      "period": {
        "start": "2024-01-01T00:00:00+00:00",
        "end": "2024-12-31T00:00:00+00:00"
      }
    }
  }, {
    "fullUrl": "urn:uuid:d52e10ac-0e55-c653-1b17-302399fed854",
    "resource": {
      "resourceType": "Coverage",
      "id": "d52e10ac-0e55-c653-1b17-302399fed854",
      "type": {
        "coding": [ {
          "system": "http://terminology.hl7.org/CodeSystem/v3-ActCode",
          "code": "MCPOL"
        } ]
      },
      "beneficiary": {
        "reference": "urn:uuid:ba4b5d06-f5bc-1dec-3d51-b8e5a157d75c",
        "display": "Emil Ethan Heathcote"
      },
      "period": {
        "start": "2024-01-01T00:00:00+00:00",
        "end": "2024-12-31T00:00:00+00:00"
      }
    }
  }, {
    "fullUrl": "urn:uuid:null",
    "resource": {
      "resourceType": "MeasureReport",
      "status": "complete",
      "type": "individual",
      "measure": "\"http://fhir.ncqa.org/measures/hedis/aab_hedis_my2023\""
    }
  } ]
}
