{
  "resourceType": "Bundle",
  "id": "c516d131-8c98-9f6e-fca2-5f837a647eec",
  "type": "transaction",
  "entry": [ {
    "resource": {
      "resourceType": "Parameters",
      "id": "c516d131-8c98-9f6e-fca2-5f837a647eec.scorekey",
      "parameter": [ {
        "name": "InitialPopulation",
        "valueBoolean": true
      }, {
        "name": "Numerator_3",
        "valueBoolean": false
      }, {
        "name": "ContinuousEnrollment",
        "valueBoolean": true
      }, {
        "name": "InitialPopulation",
        "valueBoolean": true
      }, {
        "name": "Denominator",
        "valueBoolean": true
      }, {
        "name": "RequiredExclusion",
        "valueBoolean": false
      }, {
        "name": "RequiredExclusion",
        "valueBoolean": false
      }, {
        "name": "Numerator_2",
        "valueBoolean": false
      }, {
        "name": "ContinuousEnrollment",
        "valueBoolean": true
      }, {
        "name": "Numerator_1",
        "valueBoolean": false
      }, {
        "name": "Numerator_4",
        "valueBoolean": false
      }, {
        "name": "Numerator_3",
        "valueBoolean": false
      }, {
        "name": "Denominator",
        "valueBoolean": true
      }, {
        "name": "Numerator_1",
        "valueBoolean": false
      }, {
        "name": "ContinuousEnrollment",
        "valueBoolean": true
      }, {
        "name": "Numerator_3",
        "valueBoolean": false
      }, {
        "name": "Numerator_2",
        "valueBoolean": false
      }, {
        "name": "Numerator_4",
        "valueBoolean": false
      }, {
        "name": "RequiredExclusion",
        "valueBoolean": false
      }, {
        "name": "Numerator_4",
        "valueBoolean": false
      }, {
        "name": "Numerator_3",
        "valueBoolean": false
      }, {
        "name": "Numerator_2",
        "valueBoolean": false
      }, {
        "name": "InitialPopulation",
        "valueBoolean": true
      }, {
        "name": "Numerator_1",
        "valueBoolean": false
      }, {
        "name": "RequiredExclusion",
        "valueBoolean": false
      } ]
    }
  }, {
    "resource": {
      "resourceType": "Parameters",
      "id": "c516d131-8c98-9f6e-fca2-5f837a647eec.all-params",
      "parameter": [ {
        "name": "dsu_continuous_enrollment.json Module.Start Date",
        "valueString": "01/01/2024"
      }, {
        "name": "dsu_numerator_bad_timeframe.json Module.Measurement_Period_End",
        "valueString": "12/31/2024"
      }, {
        "name": "dsu.json Module.Prior_Year_Start",
        "valueString": "01/01/2022"
      }, {
        "name": "dsu.json Module.Prior_Year_End",
        "valueString": "12/31/2023"
      }, {
        "name": "dsu_denominator.json Module.InitialPopulation",
        "valueBoolean": true
      }, {
        "name": "dsu_numerator_3.json Module.Numerator_3",
        "valueBoolean": false
      }, {
        "name": "dsu_continuous_enrollment.json Module.ContinuousEnrollment",
        "valueBoolean": true
      }, {
        "name": "dsu.json Module.InitialPopulation",
        "valueBoolean": true
      }, {
        "name": "dsu_denominator.json Module.Denominator",
        "valueBoolean": true
      }, {
        "name": "dsu_denominator.json Module.RequiredExclusion",
        "valueBoolean": false
      }, {
        "name": "dsu.json Module.RequiredExclusion",
        "valueBoolean": false
      }, {
        "name": "dsu_numerator.json Module.Numerator_2",
        "valueBoolean": false
      }, {
        "name": "dsu.json Module.ContinuousEnrollment",
        "valueBoolean": true
      }, {
        "name": "dsu_numerator.json Module.Numerator_1",
        "valueBoolean": false
      }, {
        "name": "dsu_numerator.json Module.Numerator_4",
        "valueBoolean": false
      }, {
        "name": "dsu_numerator.json Module.Numerator_3",
        "valueBoolean": false
      }, {
        "name": "dsu.json Module.Denominator",
        "valueBoolean": true
      }, {
        "name": "dsu_numerator_check.json Module.Numerator_1",
        "valueBoolean": false
      }, {
        "name": "dsu_initial_population.json Module.ContinuousEnrollment",
        "valueBoolean": true
      }, {
        "name": "dsu_numerator_check.json Module.Numerator_3",
        "valueBoolean": false
      }, {
        "name": "dsu_numerator_check.json Module.Numerator_2",
        "valueBoolean": false
      }, {
        "name": "dsu_numerator_check.json Module.Numerator_4",
        "valueBoolean": false
      }, {
        "name": "dsu_initial_population.json Module.RequiredExclusion",
        "valueBoolean": false
      }, {
        "name": "dsu.json Module.Numerator_4",
        "valueBoolean": false
      }, {
        "name": "dsu.json Module.Numerator_3",
        "valueBoolean": false
      }, {
        "name": "dsu.json Module.Numerator_2",
        "valueBoolean": false
      }, {
        "name": "dsu_initial_population.json Module.InitialPopulation",
        "valueBoolean": true
      }, {
        "name": "dsu.json Module.Numerator_1",
        "valueBoolean": false
      }, {
        "name": "hospice_required_exclusion.json Module.RequiredExclusion",
        "valueBoolean": false
      } ]
    }
  }, {
    "fullUrl": "urn:uuid:c516d131-8c98-9f6e-fca2-5f837a647eec",
    "resource": {
      "resourceType": "Patient",
      "id": "c516d131-8c98-9f6e-fca2-5f837a647eec",
      "meta": {
        "profile": [ "http://hl7.org/fhir/us/core/StructureDefinition/us-core-patient" ]
      },
      "text": {
        "status": "generated",
        "div": "<div xmlns=\"http://www.w3.org/1999/xhtml\">Generated by <a href=\"https://github.com/synthetichealth/synthea\">Synthea</a>.Version identifier: 79d417f\n .   Person seed: 13534408486691605  Population seed: 1703176669956</div>"
      },
      "extension": [ {
        "url": "http://hl7.org/fhir/us/core/StructureDefinition/us-core-race",
        "extension": [ {
          "url": "ombCategory",
          "valueCoding": {
            "system": "urn:oid:2.16.840.1.113883.6.238",
            "code": "2106-3",
            "display": "White"
          }
        }, {
          "url": "text",
          "valueString": "White"
        } ]
      }, {
        "url": "http://hl7.org/fhir/us/core/StructureDefinition/us-core-ethnicity",
        "extension": [ {
          "url": "ombCategory",
          "valueCoding": {
            "system": "urn:oid:2.16.840.1.113883.6.238",
            "code": "2186-5",
            "display": "Not Hispanic or Latino"
          }
        }, {
          "url": "text",
          "valueString": "Not Hispanic or Latino"
        } ]
      }, {
        "url": "http://hl7.org/fhir/StructureDefinition/patient-mothersMaidenName",
        "valueString": "Shari Jast"
      }, {
        "url": "http://hl7.org/fhir/us/core/StructureDefinition/us-core-birthsex",
        "valueCode": "M"
      }, {
        "url": "http://hl7.org/fhir/StructureDefinition/patient-birthPlace",
        "valueAddress": {
          "city": "Attleboro",
          "state": "Massachusetts",
          "country": "US"
        }
      } ],
      "identifier": [ {
        "system": "https://github.com/synthetichealth/synthea",
        "value": "c516d131-8c98-9f6e-fca2-5f837a647eec"
      }, {
        "type": {
          "coding": [ {
            "system": "http://terminology.hl7.org/CodeSystem/v2-0203",
            "code": "MR",
            "display": "Medical Record Number"
          } ],
          "text": "Medical Record Number"
        },
        "system": "http://hospital.smarthealthit.org",
        "value": "c516d131-8c98-9f6e-fca2-5f837a647eec"
      }, {
        "type": {
          "coding": [ {
            "system": "http://terminology.hl7.org/CodeSystem/v2-0203",
            "code": "SS",
            "display": "Social Security Number"
          } ],
          "text": "Social Security Number"
        },
        "system": "http://hl7.org/fhir/sid/us-ssn",
        "value": "999-89-5447"
      } ],
      "name": [ {
        "use": "official",
        "family": "O'Connell",
        "given": [ "Lawerence", "Winston" ]
      } ],
      "telecom": [ {
        "system": "phone",
        "value": "555-267-3430",
        "use": "home"
      } ],
      "gender": "male",
      "birthDate": "2005-12-25",
      "address": [ {
        "extension": [ {
          "url": "http://hl7.org/fhir/StructureDefinition/geolocation",
          "extension": [ {
            "url": "latitude",
            "valueDecimal": 42.43683357155956
          }, {
            "url": "longitude",
            "valueDecimal": -71.07723895696942
          } ]
        } ],
        "line": [ "878 Durgan Ferry" ],
        "city": "Somerville",
        "state": "MA",
        "postalCode": "02144",
        "country": "US"
      } ],
      "maritalStatus": {
        "coding": [ {
          "system": "http://terminology.hl7.org/CodeSystem/v3-MaritalStatus",
          "code": "S",
          "display": "Never Married"
        } ],
        "text": "Never Married"
      },
      "multipleBirthBoolean": false,
      "communication": [ {
        "language": {
          "coding": [ {
            "system": "urn:ietf:bcp:47",
            "code": "en-US",
            "display": "English"
          } ],
          "text": "English"
        }
      } ]
    }
  }, {
    "fullUrl": "urn:uuid:aaf10103-6ba2-07ea-7c13-1ace5a52dab0",
    "resource": {
      "resourceType": "Claim",
      "id": "aaf10103-6ba2-07ea-7c13-1ace5a52dab0",
      "meta": {
        "tag": [ {
          "system": "https://ncqa.org/fhir/CodeSystem/synthea-state-id",
          "code": "c7ca1964-4fe0-4bba-a9e9-0f09136b2a9f",
          "display": "Synthea State Id that generated the resource"
        }, {
          "system": "https://ncqa.org/fhir/CodeSystem/hedis-data-source",
          "code": "administrative"
        } ]
      },
      "status": "active",
      "type": {
        "coding": [ {
          "system": "http://terminology.hl7.org/CodeSystem/claim-type",
          "code": "institutional"
        } ]
      },
      "use": "claim",
      "patient": {
        "reference": "urn:uuid:c516d131-8c98-9f6e-fca2-5f837a647eec",
        "display": "Lawerence O'Connell"
      },
      "billablePeriod": {
        "start": "2026-05-01T00:00:00+00:00",
        "end": "2026-05-01T00:15:00+00:00"
      },
      "created": "2026-05-01T00:15:00+00:00",
      "provider": {
        "reference": "Organization?identifier=https://github.com/synthetichealth/synthea|363d3504-18f8-37de-8fbb-f52a59fd61b1",
        "display": "\"HEALTHALLIANCE HOSPITALS, INC\""
      },
      "priority": {
        "coding": [ {
          "system": "http://terminology.hl7.org/CodeSystem/processpriority",
          "code": "normal"
        } ]
      },
      "diagnosis": [ {
        "sequence": 1,
        "diagnosisReference": {
          "reference": "urn:uuid:7fbf9a94-a03e-288d-58b9-f9eb21d271ec",
          "display": "Other Drug Abuse & Dep ICD 10 Dx Only"
        }
      } ],
      "item": [ {
        "sequence": 1,
        "diagnosisSequence": [ 1 ],
        "productOrService": {
          "coding": [ {
            "system": "https://www.cms.gov/Medicare/Coding/HCPCSReleaseCodeSets",
            "code": "G0438",
            "display": "Annual wellness visit; includes a personalized prevention plan of service (pps), initial visit (G0438)"
          } ],
          "text": "Annual wellness visit; includes a personalized prevention plan of service (pps), initial visit (G0438)"
        },
        "servicedPeriod": {
          "start": "2026-05-01T00:00:00+00:00",
          "end": "2026-05-01T00:15:00+00:00"
        }
      } ]
    }
  }, {
    "fullUrl": "urn:uuid:7fbf9a94-a03e-288d-58b9-f9eb21d271ec",
    "resource": {
      "resourceType": "Condition",
      "id": "7fbf9a94-a03e-288d-58b9-f9eb21d271ec",
      "meta": {
        "profile": [ "http://hl7.org/fhir/us/core/StructureDefinition/us-core-condition" ],
        "tag": [ {
          "system": "https://ncqa.org/fhir/CodeSystem/synthea-state-id",
          "code": "300b2d42-ec78-4961-930c-1db934d6f11b",
          "display": "Synthea State Id that generated the resource"
        } ]
      },
      "clinicalStatus": {
        "coding": [ {
          "system": "http://terminology.hl7.org/CodeSystem/condition-clinical",
          "code": "active"
        } ]
      },
      "verificationStatus": {
        "coding": [ {
          "system": "http://terminology.hl7.org/CodeSystem/condition-ver-status",
          "code": "confirmed"
        } ]
      },
      "category": [ {
        "coding": [ {
          "system": "http://terminology.hl7.org/CodeSystem/condition-category",
          "code": "encounter-diagnosis",
          "display": "Encounter Diagnosis"
        } ]
      } ],
      "code": {
        "coding": [ {
          "system": "http://hl7.org/fhir/sid/icd-10-cm",
          "code": "F13.139",
          "display": "[F13.139] Sedative, hypnotic or anxiolytic abuse with withdrawal, unspecified"
        } ],
        "text": "[F13.139] Sedative, hypnotic or anxiolytic abuse with withdrawal, unspecified"
      },
      "subject": {
        "reference": "urn:uuid:c516d131-8c98-9f6e-fca2-5f837a647eec"
      },
      "onsetDateTime": "2026-05-01T00:00:00+00:00",
      "recordedDate": "2026-05-01T00:00:00+00:00"
    }
  }, {
    "fullUrl": "urn:uuid:c37d7a33-9b47-79a2-5b8c-06c673bae95a",
    "resource": {
      "resourceType": "Coverage",
      "id": "c37d7a33-9b47-79a2-5b8c-06c673bae95a",
      "type": {
        "coding": [ {
          "system": "https://ncqa.org/fhir/codesystem/hedis-coverage-type",
          "code": "SN3"
        } ]
      },
      "beneficiary": {
        "reference": "urn:uuid:c516d131-8c98-9f6e-fca2-5f837a647eec",
        "display": "Lawerence Winston O'Connell"
      },
      "period": {
        "start": "2024-01-01T00:00:00+00:00",
        "end": "2024-06-29T00:00:00+00:00"
      }
    }
  }, {
    "fullUrl": "urn:uuid:002a3556-2ff8-0ad3-60eb-b5fd309ae17c",
    "resource": {
      "resourceType": "Coverage",
      "id": "002a3556-2ff8-0ad3-60eb-b5fd309ae17c",
      "type": {
        "coding": [ {
          "system": "http://terminology.hl7.org/CodeSystem/v3-ActCode",
          "code": "MCPOL"
        } ]
      },
      "beneficiary": {
        "reference": "urn:uuid:c516d131-8c98-9f6e-fca2-5f837a647eec",
        "display": "Lawerence Winston O'Connell"
      },
      "period": {
        "start": "2024-01-01T00:00:00+00:00",
        "end": "2024-06-29T00:00:00+00:00"
      }
    }
  }, {
    "fullUrl": "urn:uuid:9ef9594f-88d2-3c80-5d32-ca6dd9691f40",
    "resource": {
      "resourceType": "Coverage",
      "id": "9ef9594f-88d2-3c80-5d32-ca6dd9691f40",
      "type": {
        "coding": [ {
          "system": "https://ncqa.org/fhir/codesystem/hedis-coverage-type",
          "code": "SN3"
        } ]
      },
      "beneficiary": {
        "reference": "urn:uuid:c516d131-8c98-9f6e-fca2-5f837a647eec",
        "display": "Lawerence Winston O'Connell"
      },
      "period": {
        "start": "2024-07-07T00:00:00+00:00",
        "end": "2024-12-31T00:00:00+00:00"
      }
    }
  }, {
    "fullUrl": "urn:uuid:575403e7-dad3-aec1-3bcf-b1eb7e3ebca8",
    "resource": {
      "resourceType": "Coverage",
      "id": "575403e7-dad3-aec1-3bcf-b1eb7e3ebca8",
      "type": {
        "coding": [ {
          "system": "http://terminology.hl7.org/CodeSystem/v3-ActCode",
          "code": "MCPOL"
        } ]
      },
      "beneficiary": {
        "reference": "urn:uuid:c516d131-8c98-9f6e-fca2-5f837a647eec",
        "display": "Lawerence Winston O'Connell"
      },
      "period": {
        "start": "2024-07-07T00:00:00+00:00",
        "end": "2024-12-31T00:00:00+00:00"
      }
    }
  }, {
    "fullUrl": "urn:uuid:null",
    "resource": {
      "resourceType": "MeasureReport",
      "status": "complete",
      "type": "individual",
      "measure": "\"http://fhir.ncqa.org/measures/hedis/aab_hedis_my2023\""
    }
  } ]
}
