{
  "resourceType": "Bundle",
  "id": "f7aea02b-6014-fba6-b57f-ae41f42f5ab2",
  "type": "transaction",
  "entry": [ {
    "fullUrl": "urn:uuid:5538f551-1633-35ca-a72a-a314c91a87ab",
    "resource": {
      "resourceType": "Practitioner",
      "id": "5538f551-1633-35ca-a72a-a314c91a87ab",
      "meta": {
        "profile": [ "http://hl7.org/fhir/us/core/StructureDefinition/us-core-practitioner" ]
      },
      "identifier": [ {
        "system": "http://hl7.org/fhir/sid/us-npi",
        "value": "9999999995"
      } ],
      "active": true,
      "name": [ {
        "family": "Hinojosa",
        "given": [ "Daniela" ],
        "prefix": [ "Dr." ]
      } ],
      "telecom": [ {
        "extension": [ {
          "url": "http://hl7.org/fhir/us/core/StructureDefinition/us-core-direct",
          "valueBoolean": true
        } ],
        "system": "email",
        "value": "Daniela.Hinojosa@example.com",
        "use": "work"
      } ],
      "address": [ {
        "line": [ "60 HOSPITAL ROAD" ],
        "city": "LEOMINSTER",
        "state": "MA",
        "postalCode": "01453",
        "country": "US"
      } ],
      "gender": "female"
    },
    "request": {
      "method": "POST",
      "url": "Practitioner",
      "ifNoneExist": "identifier=http://hl7.org/fhir/sid/us-npi|9999999995"
    }
  }, {
    "fullUrl": "urn:uuid:c0101965-4c1e-6b82-577c-57476c456f89",
    "resource": {
      "resourceType": "PractitionerRole",
      "id": "c0101965-4c1e-6b82-577c-57476c456f89",
      "meta": {
        "profile": [ "http://hl7.org/fhir/us/core/StructureDefinition/us-core-practitionerrole" ]
      },
      "practitioner": {
        "identifier": {
          "system": "http://hl7.org/fhir/sid/us-npi",
          "value": "9999999995"
        },
        "display": "Dr. Daniela Hinojosa"
      },
      "organization": {
        "identifier": {
          "system": "https://github.com/synthetichealth/synthea",
          "value": "363d3504-18f8-37de-8fbb-f52a59fd61b1"
        },
        "display": "\"HEALTHALLIANCE HOSPITALS, INC\""
      },
      "code": [ {
        "coding": [ {
          "system": "http://nucc.org/provider-taxonomy",
          "code": "208D00000X",
          "display": "General Practice"
        } ],
        "text": "General Practice"
      } ],
      "specialty": [ {
        "coding": [ {
          "system": "http://nucc.org/provider-taxonomy",
          "code": "208D00000X",
          "display": "General Practice"
        } ],
        "text": "General Practice"
      } ],
      "location": [ {
        "identifier": {
          "system": "https://github.com/synthetichealth/synthea",
          "value": "d0e312f3-0a19-3089-af0e-db79b3aee7ab"
        },
        "display": "\"HEALTHALLIANCE HOSPITALS, INC\""
      } ],
      "telecom": [ {
        "system": "phone",
        "value": "9784662000"
      }, {
        "extension": [ {
          "url": "http://hl7.org/fhir/us/core/StructureDefinition/us-core-direct",
          "valueBoolean": true
        } ],
        "system": "email",
        "value": "Daniela.Hinojosa@example.com",
        "use": "work"
      } ]
    },
    "request": {
      "method": "POST",
      "url": "PractitionerRole"
    }
  }, {
    "fullUrl": "urn:uuid:5538f551-1633-35ca-a72a-a314c91a87ab",
    "resource": {
      "resourceType": "Practitioner",
      "id": "5538f551-1633-35ca-a72a-a314c91a87ab",
      "meta": {
        "profile": [ "http://hl7.org/fhir/us/core/StructureDefinition/us-core-practitioner" ]
      },
      "identifier": [ {
        "system": "http://hl7.org/fhir/sid/us-npi",
        "value": "9999999995"
      } ],
      "active": true,
      "name": [ {
        "family": "Hinojosa",
        "given": [ "Daniela" ],
        "prefix": [ "Dr." ]
      } ],
      "telecom": [ {
        "extension": [ {
          "url": "http://hl7.org/fhir/us/core/StructureDefinition/us-core-direct",
          "valueBoolean": true
        } ],
        "system": "email",
        "value": "Daniela.Hinojosa@example.com",
        "use": "work"
      } ],
      "address": [ {
        "line": [ "60 HOSPITAL ROAD" ],
        "city": "LEOMINSTER",
        "state": "MA",
        "postalCode": "01453",
        "country": "US"
      } ],
      "gender": "female"
    },
    "request": {
      "method": "POST",
      "url": "Practitioner",
      "ifNoneExist": "identifier=http://hl7.org/fhir/sid/us-npi|9999999995"
    }
  }, {
    "fullUrl": "urn:uuid:7cf422ca-0c85-5442-d9b1-be5636795872",
    "resource": {
      "resourceType": "PractitionerRole",
      "id": "7cf422ca-0c85-5442-d9b1-be5636795872",
      "meta": {
        "profile": [ "http://hl7.org/fhir/us/core/StructureDefinition/us-core-practitionerrole" ]
      },
      "practitioner": {
        "identifier": {
          "system": "http://hl7.org/fhir/sid/us-npi",
          "value": "9999999995"
        },
        "display": "Dr. Daniela Hinojosa"
      },
      "organization": {
        "identifier": {
          "system": "https://github.com/synthetichealth/synthea",
          "value": "363d3504-18f8-37de-8fbb-f52a59fd61b1"
        },
        "display": "\"HEALTHALLIANCE HOSPITALS, INC\""
      },
      "code": [ {
        "coding": [ {
          "system": "http://nucc.org/provider-taxonomy",
          "code": "208D00000X",
          "display": "General Practice"
        } ],
        "text": "General Practice"
      } ],
      "specialty": [ {
        "coding": [ {
          "system": "http://nucc.org/provider-taxonomy",
          "code": "208D00000X",
          "display": "General Practice"
        } ],
        "text": "General Practice"
      } ],
      "location": [ {
        "identifier": {
          "system": "https://github.com/synthetichealth/synthea",
          "value": "d0e312f3-0a19-3089-af0e-db79b3aee7ab"
        },
        "display": "\"HEALTHALLIANCE HOSPITALS, INC\""
      } ],
      "telecom": [ {
        "system": "phone",
        "value": "9784662000"
      }, {
        "extension": [ {
          "url": "http://hl7.org/fhir/us/core/StructureDefinition/us-core-direct",
          "valueBoolean": true
        } ],
        "system": "email",
        "value": "Daniela.Hinojosa@example.com",
        "use": "work"
      } ]
    },
    "request": {
      "method": "POST",
      "url": "PractitionerRole"
    }
  }, {
    "resource": {
      "resourceType": "Parameters",
      "id": "f7aea02b-6014-fba6-b57f-ae41f42f5ab2.scorekey",
      "parameter": [ {
        "name": "InitialPopulation",
        "valueBoolean": false
      }, {
        "name": "ContinuousEnrollment",
        "valueBoolean": false
      }, {
        "name": "InitialPopulation",
        "valueBoolean": false
      }, {
        "name": "Denominator",
        "valueBoolean": false
      }, {
        "name": "RequiredExclusion",
        "valueBoolean": false
      }, {
        "name": "RequiredExclusion",
        "valueBoolean": false
      }, {
        "name": "Numerator_2",
        "valueBoolean": true
      }, {
        "name": "ContinuousEnrollment",
        "valueBoolean": false
      }, {
        "name": "Numerator_1",
        "valueBoolean": true
      }, {
        "name": "Numerator_4",
        "valueBoolean": true
      }, {
        "name": "Numerator_3",
        "valueBoolean": false
      }, {
        "name": "Numerator_1",
        "valueBoolean": true
      }, {
        "name": "Denominator",
        "valueBoolean": false
      }, {
        "name": "Numerator_1",
        "valueBoolean": true
      }, {
        "name": "ContinuousEnrollment",
        "valueBoolean": false
      }, {
        "name": "Numerator_3",
        "valueBoolean": false
      }, {
        "name": "Numerator_2",
        "valueBoolean": true
      }, {
        "name": "Numerator_4",
        "valueBoolean": true
      }, {
        "name": "RequiredExclusion",
        "valueBoolean": false
      }, {
        "name": "Numerator_4",
        "valueBoolean": true
      }, {
        "name": "Numerator_3",
        "valueBoolean": false
      }, {
        "name": "Numerator_2",
        "valueBoolean": true
      }, {
        "name": "Numerator_2",
        "valueBoolean": true
      }, {
        "name": "InitialPopulation",
        "valueBoolean": false
      }, {
        "name": "Numerator_1",
        "valueBoolean": true
      }, {
        "name": "RequiredExclusion",
        "valueBoolean": false
      } ]
    }
  }, {
    "resource": {
      "resourceType": "Parameters",
      "id": "f7aea02b-6014-fba6-b57f-ae41f42f5ab2.all-params",
      "parameter": [ {
        "name": "dsu_continuous_enrollment.json Module.Start Date",
        "valueString": "01/01/2024"
      }, {
        "name": "dsu_numerator_good_timeframe.json Module.Measurement_Period_End",
        "valueString": "12/31/2024"
      }, {
        "name": "dsu.json Module.Prior_Year_Start",
        "valueString": "01/01/2022"
      }, {
        "name": "dsu.json Module.Prior_Year_End",
        "valueString": "12/31/2023"
      }, {
        "name": "dsu_denominator.json Module.InitialPopulation",
        "valueBoolean": false
      }, {
        "name": "dsu_continuous_enrollment.json Module.ContinuousEnrollment",
        "valueBoolean": false
      }, {
        "name": "dsu.json Module.InitialPopulation",
        "valueBoolean": false
      }, {
        "name": "dsu_denominator.json Module.Denominator",
        "valueBoolean": false
      }, {
        "name": "dsu_denominator.json Module.RequiredExclusion",
        "valueBoolean": false
      }, {
        "name": "dsu.json Module.RequiredExclusion",
        "valueBoolean": false
      }, {
        "name": "dsu_numerator.json Module.Numerator_2",
        "valueBoolean": true
      }, {
        "name": "dsu.json Module.ContinuousEnrollment",
        "valueBoolean": false
      }, {
        "name": "dsu_numerator.json Module.Numerator_1",
        "valueBoolean": true
      }, {
        "name": "dsu_numerator.json Module.Numerator_4",
        "valueBoolean": true
      }, {
        "name": "dsu_numerator.json Module.Numerator_3",
        "valueBoolean": false
      }, {
        "name": "dsu_numerator_1.json Module.Numerator_1",
        "valueBoolean": true
      }, {
        "name": "dsu.json Module.Denominator",
        "valueBoolean": false
      }, {
        "name": "dsu_numerator_check.json Module.Numerator_1",
        "valueBoolean": true
      }, {
        "name": "dsu_initial_population.json Module.ContinuousEnrollment",
        "valueBoolean": false
      }, {
        "name": "dsu_numerator_check.json Module.Numerator_3",
        "valueBoolean": false
      }, {
        "name": "dsu_numerator_check.json Module.Numerator_2",
        "valueBoolean": true
      }, {
        "name": "dsu_numerator_check.json Module.Numerator_4",
        "valueBoolean": true
      }, {
        "name": "dsu_initial_population.json Module.RequiredExclusion",
        "valueBoolean": false
      }, {
        "name": "dsu.json Module.Numerator_4",
        "valueBoolean": true
      }, {
        "name": "dsu.json Module.Numerator_3",
        "valueBoolean": false
      }, {
        "name": "dsu_numerator_2.json Module.Numerator_2",
        "valueBoolean": true
      }, {
        "name": "dsu.json Module.Numerator_2",
        "valueBoolean": true
      }, {
        "name": "dsu_initial_population.json Module.InitialPopulation",
        "valueBoolean": false
      }, {
        "name": "dsu.json Module.Numerator_1",
        "valueBoolean": true
      }, {
        "name": "hospice_required_exclusion.json Module.RequiredExclusion",
        "valueBoolean": false
      } ]
    }
  }, {
    "fullUrl": "urn:uuid:f7aea02b-6014-fba6-b57f-ae41f42f5ab2",
    "resource": {
      "resourceType": "Patient",
      "id": "f7aea02b-6014-fba6-b57f-ae41f42f5ab2",
      "meta": {
        "profile": [ "http://hl7.org/fhir/us/core/StructureDefinition/us-core-patient" ]
      },
      "text": {
        "status": "generated",
        "div": "<div xmlns=\"http://www.w3.org/1999/xhtml\">Generated by <a href=\"https://github.com/synthetichealth/synthea\">Synthea</a>.Version identifier: 79d417f\n .   Person seed: 8749558523278093972  Population seed: 1703176669956</div>"
      },
      "extension": [ {
        "url": "http://hl7.org/fhir/us/core/StructureDefinition/us-core-race",
        "extension": [ {
          "url": "ombCategory",
          "valueCoding": {
            "system": "urn:oid:2.16.840.1.113883.6.238",
            "code": "2106-3",
            "display": "White"
          }
        }, {
          "url": "text",
          "valueString": "White"
        } ]
      }, {
        "url": "http://hl7.org/fhir/us/core/StructureDefinition/us-core-ethnicity",
        "extension": [ {
          "url": "ombCategory",
          "valueCoding": {
            "system": "urn:oid:2.16.840.1.113883.6.238",
            "code": "2186-5",
            "display": "Not Hispanic or Latino"
          }
        }, {
          "url": "text",
          "valueString": "Not Hispanic or Latino"
        } ]
      }, {
        "url": "http://hl7.org/fhir/StructureDefinition/patient-mothersMaidenName",
        "valueString": "Diann Murphy"
      }, {
        "url": "http://hl7.org/fhir/us/core/StructureDefinition/us-core-birthsex",
        "valueCode": "M"
      }, {
        "url": "http://hl7.org/fhir/StructureDefinition/patient-birthPlace",
        "valueAddress": {
          "city": "Springfield",
          "state": "Massachusetts",
          "country": "US"
        }
      } ],
      "identifier": [ {
        "system": "https://github.com/synthetichealth/synthea",
        "value": "f7aea02b-6014-fba6-b57f-ae41f42f5ab2"
      }, {
        "type": {
          "coding": [ {
            "system": "http://terminology.hl7.org/CodeSystem/v2-0203",
            "code": "MR",
            "display": "Medical Record Number"
          } ],
          "text": "Medical Record Number"
        },
        "system": "http://hospital.smarthealthit.org",
        "value": "f7aea02b-6014-fba6-b57f-ae41f42f5ab2"
      }, {
        "type": {
          "coding": [ {
            "system": "http://terminology.hl7.org/CodeSystem/v2-0203",
            "code": "SS",
            "display": "Social Security Number"
          } ],
          "text": "Social Security Number"
        },
        "system": "http://hl7.org/fhir/sid/us-ssn",
        "value": "999-26-9363"
      } ],
      "name": [ {
        "use": "official",
        "family": "Hane",
        "given": [ "Royce", "Reed" ]
      } ],
      "telecom": [ {
        "system": "phone",
        "value": "555-771-7313",
        "use": "home"
      } ],
      "gender": "male",
      "birthDate": "1990-07-20",
      "address": [ {
        "extension": [ {
          "url": "http://hl7.org/fhir/StructureDefinition/geolocation",
          "extension": [ {
            "url": "latitude",
            "valueDecimal": 42.30217893431963
          }, {
            "url": "longitude",
            "valueDecimal": -71.42652939897911
          } ]
        } ],
        "line": [ "228 Hackett Fort" ],
        "city": "Framingham",
        "state": "MA",
        "country": "US"
      } ],
      "maritalStatus": {
        "coding": [ {
          "system": "http://terminology.hl7.org/CodeSystem/v3-MaritalStatus",
          "code": "S",
          "display": "Never Married"
        } ],
        "text": "Never Married"
      },
      "multipleBirthBoolean": false,
      "communication": [ {
        "language": {
          "coding": [ {
            "system": "urn:ietf:bcp:47",
            "code": "en-US",
            "display": "English"
          } ],
          "text": "English"
        }
      } ]
    }
  }, {
    "fullUrl": "urn:uuid:2ec1953c-7bd4-47bb-811f-062b593a42e3",
    "resource": {
      "resourceType": "Claim",
      "id": "2ec1953c-7bd4-47bb-811f-062b593a42e3",
      "meta": {
        "tag": [ {
          "system": "https://ncqa.org/fhir/CodeSystem/synthea-state-id",
          "code": "3676e0c0-e9c9-46f9-b422-db2b5a8d9425",
          "display": "Synthea State Id that generated the resource"
        }, {
          "system": "https://ncqa.org/fhir/CodeSystem/hedis-data-source",
          "code": "administrative"
        } ]
      },
      "status": "active",
      "type": {
        "coding": [ {
          "system": "http://terminology.hl7.org/CodeSystem/claim-type",
          "code": "institutional"
        } ]
      },
      "use": "claim",
      "patient": {
        "reference": "urn:uuid:f7aea02b-6014-fba6-b57f-ae41f42f5ab2",
        "display": "Royce Hane"
      },
      "billablePeriod": {
        "start": "2024-01-31T00:00:00+00:00",
        "end": "2024-01-31T00:15:00+00:00"
      },
      "created": "2024-01-31T00:15:00+00:00",
      "provider": {
        "reference": "Organization?identifier=https://github.com/synthetichealth/synthea|363d3504-18f8-37de-8fbb-f52a59fd61b1",
        "display": "\"HEALTHALLIANCE HOSPITALS, INC\""
      },
      "priority": {
        "coding": [ {
          "system": "http://terminology.hl7.org/CodeSystem/processpriority",
          "code": "normal"
        } ]
      },
      "diagnosis": [ {
        "sequence": 1,
        "diagnosisReference": {
          "reference": "urn:uuid:a5e7c73d-9cf4-2e31-1fd6-992778b55876",
          "display": "Opioid Abuse & Dep ICD 10 Dx Only"
        }
      } ],
      "item": [ {
        "sequence": 1,
        "diagnosisSequence": [ 1 ],
        "productOrService": {
          "coding": [ {
            "system": "https://www.cms.gov/Medicare/Coding/HCPCSReleaseCodeSets",
            "code": "G0438",
            "display": "Annual wellness visit; includes a personalized prevention plan of service (pps), initial visit (G0438)"
          } ],
          "text": "Annual wellness visit; includes a personalized prevention plan of service (pps), initial visit (G0438)"
        },
        "servicedPeriod": {
          "start": "2024-01-31T00:00:00+00:00",
          "end": "2024-01-31T00:15:00+00:00"
        }
      } ]
    }
  }, {
    "fullUrl": "urn:uuid:a5e7c73d-9cf4-2e31-1fd6-992778b55876",
    "resource": {
      "resourceType": "Condition",
      "id": "a5e7c73d-9cf4-2e31-1fd6-992778b55876",
      "meta": {
        "profile": [ "http://hl7.org/fhir/us/core/StructureDefinition/us-core-condition" ],
        "tag": [ {
          "system": "https://ncqa.org/fhir/CodeSystem/synthea-state-id",
          "code": "6feebda2-5941-446c-a6ef-b6786b3f1544",
          "display": "Synthea State Id that generated the resource"
        } ]
      },
      "clinicalStatus": {
        "coding": [ {
          "system": "http://terminology.hl7.org/CodeSystem/condition-clinical",
          "code": "active"
        } ]
      },
      "verificationStatus": {
        "coding": [ {
          "system": "http://terminology.hl7.org/CodeSystem/condition-ver-status",
          "code": "confirmed"
        } ]
      },
      "category": [ {
        "coding": [ {
          "system": "http://terminology.hl7.org/CodeSystem/condition-category",
          "code": "encounter-diagnosis",
          "display": "Encounter Diagnosis"
        } ]
      } ],
      "code": {
        "coding": [ {
          "system": "http://hl7.org/fhir/sid/icd-10-cm",
          "code": "F11.24",
          "display": "[F11.24] Opioid dependence with opioid-induced mood disorder"
        } ],
        "text": "[F11.24] Opioid dependence with opioid-induced mood disorder"
      },
      "subject": {
        "reference": "urn:uuid:f7aea02b-6014-fba6-b57f-ae41f42f5ab2"
      },
      "onsetDateTime": "2024-01-31T00:00:00+00:00",
      "recordedDate": "2024-01-31T00:00:00+00:00"
    }
  }, {
    "fullUrl": "urn:uuid:1117e15b-9a08-fa02-b351-d2cd25c78474",
    "resource": {
      "resourceType": "Encounter",
      "id": "1117e15b-9a08-fa02-b351-d2cd25c78474",
      "meta": {
        "profile": [ "http://hl7.org/fhir/us/core/StructureDefinition/us-core-encounter" ],
        "tag": [ {
          "system": "https://ncqa.org/fhir/CodeSystem/synthea-state-id",
          "code": "4adb7488-b173-4413-88ce-4f0d1eec95ef",
          "display": "Synthea State Id that generated the resource"
        } ]
      },
      "identifier": [ {
        "use": "official",
        "system": "https://github.com/synthetichealth/synthea",
        "value": "1117e15b-9a08-fa02-b351-d2cd25c78474"
      } ],
      "status": "finished",
      "class": {
        "system": "http://terminology.hl7.org/CodeSystem/v3-ActCode",
        "code": "AMB"
      },
      "type": [ {
        "coding": [ {
          "system": "https://www.cms.gov/Medicare/Coding/HCPCSReleaseCodeSets",
          "code": "G0438",
          "display": "Annual wellness visit; includes a personalized prevention plan of service (pps), initial visit (G0438)"
        } ],
        "text": "Annual wellness visit; includes a personalized prevention plan of service (pps), initial visit (G0438)"
      } ],
      "subject": {
        "reference": "urn:uuid:f7aea02b-6014-fba6-b57f-ae41f42f5ab2",
        "display": "Royce Reed Hane"
      },
      "participant": [ {
        "type": [ {
          "coding": [ {
            "system": "http://terminology.hl7.org/CodeSystem/v3-ParticipationType",
            "code": "PPRF",
            "display": "primary performer"
          } ],
          "text": "primary performer"
        } ],
        "period": {
          "start": "2024-01-31T00:00:00+00:00",
          "end": "2024-01-31T00:15:00+00:00"
        },
        "individual": {
          "reference": "urn:uuid:5538f551-1633-35ca-a72a-a314c91a87ab",
          "display": "Dr. Daniela Hinojosa"
        }
      } ],
      "period": {
        "start": "2024-01-31T00:00:00+00:00",
        "end": "2024-01-31T00:15:00+00:00"
      },
      "location": [ {
        "location": {
          "reference": "Location?identifier=https://github.com/synthetichealth/synthea|d0e312f3-0a19-3089-af0e-db79b3aee7ab",
          "display": "\"HEALTHALLIANCE HOSPITALS, INC\""
        }
      } ],
      "serviceProvider": {
        "reference": "Organization?identifier=https://github.com/synthetichealth/synthea|363d3504-18f8-37de-8fbb-f52a59fd61b1",
        "display": "\"HEALTHALLIANCE HOSPITALS, INC\""
      }
    }
  }, {
    "fullUrl": "urn:uuid:6e29e0ee-1b4f-d3ee-2a9b-0d8ef9874e8a",
    "resource": {
      "resourceType": "Condition",
      "id": "6e29e0ee-1b4f-d3ee-2a9b-0d8ef9874e8a",
      "meta": {
        "profile": [ "http://hl7.org/fhir/us/core/StructureDefinition/us-core-condition" ],
        "tag": [ {
          "system": "https://ncqa.org/fhir/CodeSystem/synthea-state-id",
          "code": "9bf11b45-cf89-4e33-8947-85cf4023cf37",
          "display": "Synthea State Id that generated the resource"
        } ]
      },
      "clinicalStatus": {
        "coding": [ {
          "system": "http://terminology.hl7.org/CodeSystem/condition-clinical",
          "code": "active"
        } ]
      },
      "verificationStatus": {
        "coding": [ {
          "system": "http://terminology.hl7.org/CodeSystem/condition-ver-status",
          "code": "confirmed"
        } ]
      },
      "category": [ {
        "coding": [ {
          "system": "http://terminology.hl7.org/CodeSystem/condition-category",
          "code": "encounter-diagnosis",
          "display": "Encounter Diagnosis"
        } ]
      } ],
      "code": {
        "coding": [ {
          "system": "http://hl7.org/fhir/sid/icd-10-cm",
          "code": "O22.51",
          "display": "[O22.51] Cerebral venous thrombosis in pregnancy, first trimester"
        } ],
        "text": "[O22.51] Cerebral venous thrombosis in pregnancy, first trimester"
      },
      "subject": {
        "reference": "urn:uuid:f7aea02b-6014-fba6-b57f-ae41f42f5ab2"
      },
      "encounter": {
        "reference": "urn:uuid:1117e15b-9a08-fa02-b351-d2cd25c78474"
      },
      "onsetDateTime": "2024-01-31T00:00:00+00:00",
      "recordedDate": "2024-01-31T00:00:00+00:00"
    }
  }, {
    "fullUrl": "urn:uuid:c50f3375-cb5e-b2bf-9c36-9431f7d4b1ea",
    "resource": {
      "resourceType": "Encounter",
      "id": "c50f3375-cb5e-b2bf-9c36-9431f7d4b1ea",
      "meta": {
        "profile": [ "http://hl7.org/fhir/us/core/StructureDefinition/us-core-encounter" ],
        "tag": [ {
          "system": "https://ncqa.org/fhir/CodeSystem/synthea-state-id",
          "code": "5d28585c-47d1-49cd-80f0-27a826514b68",
          "display": "Synthea State Id that generated the resource"
        } ]
      },
      "identifier": [ {
        "use": "official",
        "system": "https://github.com/synthetichealth/synthea",
        "value": "c50f3375-cb5e-b2bf-9c36-9431f7d4b1ea"
      } ],
      "status": "finished",
      "class": {
        "system": "http://terminology.hl7.org/CodeSystem/v3-ActCode",
        "code": "AMB"
      },
      "type": [ {
        "coding": [ {
          "system": "https://www.cms.gov/Medicare/Coding/HCPCSReleaseCodeSets",
          "code": "G0438",
          "display": "Annual wellness visit; includes a personalized prevention plan of service (pps), initial visit (G0438)"
        } ],
        "text": "Annual wellness visit; includes a personalized prevention plan of service (pps), initial visit (G0438)"
      } ],
      "subject": {
        "reference": "urn:uuid:f7aea02b-6014-fba6-b57f-ae41f42f5ab2",
        "display": "Royce Reed Hane"
      },
      "participant": [ {
        "type": [ {
          "coding": [ {
            "system": "http://terminology.hl7.org/CodeSystem/v3-ParticipationType",
            "code": "PPRF",
            "display": "primary performer"
          } ],
          "text": "primary performer"
        } ],
        "period": {
          "start": "2024-01-31T00:00:00+00:00",
          "end": "2024-01-31T00:15:00+00:00"
        },
        "individual": {
          "reference": "urn:uuid:5538f551-1633-35ca-a72a-a314c91a87ab",
          "display": "Dr. Daniela Hinojosa"
        }
      } ],
      "period": {
        "start": "2024-01-31T00:00:00+00:00",
        "end": "2024-01-31T00:15:00+00:00"
      },
      "location": [ {
        "location": {
          "reference": "Location?identifier=https://github.com/synthetichealth/synthea|d0e312f3-0a19-3089-af0e-db79b3aee7ab",
          "display": "\"HEALTHALLIANCE HOSPITALS, INC\""
        }
      } ],
      "serviceProvider": {
        "reference": "Organization?identifier=https://github.com/synthetichealth/synthea|363d3504-18f8-37de-8fbb-f52a59fd61b1",
        "display": "\"HEALTHALLIANCE HOSPITALS, INC\""
      }
    }
  }, {
    "fullUrl": "urn:uuid:78b245ab-4fbc-4568-355c-5cfe7047f931",
    "resource": {
      "resourceType": "Condition",
      "id": "78b245ab-4fbc-4568-355c-5cfe7047f931",
      "meta": {
        "profile": [ "http://hl7.org/fhir/us/core/StructureDefinition/us-core-condition" ],
        "tag": [ {
          "system": "https://ncqa.org/fhir/CodeSystem/synthea-state-id",
          "code": "39dd058d-7b8c-472f-8705-91fc507fcea5",
          "display": "Synthea State Id that generated the resource"
        } ]
      },
      "clinicalStatus": {
        "coding": [ {
          "system": "http://terminology.hl7.org/CodeSystem/condition-clinical",
          "code": "active"
        } ]
      },
      "verificationStatus": {
        "coding": [ {
          "system": "http://terminology.hl7.org/CodeSystem/condition-ver-status",
          "code": "confirmed"
        } ]
      },
      "category": [ {
        "coding": [ {
          "system": "http://terminology.hl7.org/CodeSystem/condition-category",
          "code": "encounter-diagnosis",
          "display": "Encounter Diagnosis"
        } ]
      } ],
      "code": {
        "coding": [ {
          "system": "http://hl7.org/fhir/sid/icd-10-cm",
          "code": "F10.19",
          "display": "[F10.19] Alcohol abuse with unspecified alcohol-induced disorder"
        } ],
        "text": "[F10.19] Alcohol abuse with unspecified alcohol-induced disorder"
      },
      "subject": {
        "reference": "urn:uuid:f7aea02b-6014-fba6-b57f-ae41f42f5ab2"
      },
      "encounter": {
        "reference": "urn:uuid:c50f3375-cb5e-b2bf-9c36-9431f7d4b1ea"
      },
      "onsetDateTime": "2024-01-31T00:00:00+00:00",
      "recordedDate": "2024-01-31T00:00:00+00:00"
    }
  }, {
    "fullUrl": "urn:uuid:11d9ecad-19c2-b0da-2b12-d88aa52b38b0",
    "resource": {
      "resourceType": "Coverage",
      "id": "11d9ecad-19c2-b0da-2b12-d88aa52b38b0",
      "type": {
        "coding": [ {
          "system": "https://ncqa.org/fhir/codesystem/hedis-coverage-type",
          "code": "CEP"
        } ]
      },
      "beneficiary": {
        "reference": "urn:uuid:f7aea02b-6014-fba6-b57f-ae41f42f5ab2",
        "display": "Royce Reed Hane"
      },
      "period": {
        "start": "2024-01-01T00:00:00+00:00",
        "end": "2024-12-31T00:00:00+00:00"
      }
    }
  }, {
    "fullUrl": "urn:uuid:9ba74160-eca6-f950-a77f-5e8528b43d6a",
    "resource": {
      "resourceType": "Coverage",
      "id": "9ba74160-eca6-f950-a77f-5e8528b43d6a",
      "type": {
        "coding": [ {
          "system": "http://terminology.hl7.org/CodeSystem/v3-ActCode",
          "code": "MCPOL"
        } ]
      },
      "beneficiary": {
        "reference": "urn:uuid:f7aea02b-6014-fba6-b57f-ae41f42f5ab2",
        "display": "Royce Reed Hane"
      },
      "period": {
        "start": "2024-01-01T00:00:00+00:00",
        "end": "2024-12-31T00:00:00+00:00"
      }
    }
  }, {
    "fullUrl": "urn:uuid:null",
    "resource": {
      "resourceType": "MeasureReport",
      "status": "complete",
      "type": "individual",
      "measure": "\"http://fhir.ncqa.org/measures/hedis/aab_hedis_my2023\""
    }
  } ]
}
